Vecka,År,Region,Antal vaccinerade,Andel vaccinerade,Vaccinationsstatus,,,
52,2020,| Sverige |,2450,0.000287,Minst 1 dos,,,
52,2020,| Sverige |,0,0.000000,Färdigvaccinerade,,,
52,2020,Stockholm,288,0.000148,Minst 1 dos,,,
52,2020,Stockholm,0,0.000000,Färdigvaccinerade,,,
52,2020,Uppsala,7,0.000022,Minst 1 dos,,,
52,2020,Uppsala,0,0.000000,Färdigvaccinerade,,,
52,2020,Södermanland,116,0.000474,Minst 1 dos,,,
52,2020,Södermanland,0,0.000000,Färdigvaccinerade,,,
52,2020,Östergötland,214,0.000554,Minst 1 dos,,,
52,2020,Östergötland,0,0.000000,Färdigvaccinerade,,,
52,2020,Jönköping,43,0.000144,Minst 1 dos,,,
52,2020,Jönköping,0,0.000000,Färdigvaccinerade,,,
52,2020,Kronoberg,29,0.000175,Minst 1 dos,,,
52,2020,Kronoberg,0,0.000000,Färdigvaccinerade,,,
52,2020,Kalmar,0,0.000000,Minst 1 dos,,,
52,2020,Kalmar,0,0.000000,Färdigvaccinerade,,,
52,2020,Gotland,0,0.000000,Minst 1 dos,,,
52,2020,Gotland,0,0.000000,Färdigvaccinerade,,,
52,2020,Blekinge,179,0.001351,Minst 1 dos,,,
52,2020,Blekinge,0,0.000000,Färdigvaccinerade,,,
52,2020,Skåne,295,0.000260,Minst 1 dos,,,
52,2020,Skåne,0,0.000000,Färdigvaccinerade,,,
52,2020,Halland,46,0.000167,Minst 1 dos,,,
52,2020,Halland,0,0.000000,Färdigvaccinerade,,,
52,2020,Västra Götaland,291,0.000204,Minst 1 dos,,,
52,2020,Västra Götaland,0,0.000000,Färdigvaccinerade,,,
52,2020,Värmland,43,0.000182,Minst 1 dos,,,
52,2020,Värmland,0,0.000000,Färdigvaccinerade,,,
52,2020,Örebro,245,0.000973,Minst 1 dos,,,
52,2020,Örebro,0,0.000000,Färdigvaccinerade,,,
52,2020,Västmanland,200,0.000876,Minst 1 dos,,,
52,2020,Västmanland,0,0.000000,Färdigvaccinerade,,,
52,2020,Dalarna,190,0.000795,Minst 1 dos,,,
52,2020,Dalarna,0,0.000000,Färdigvaccinerade,,,
52,2020,Gävleborg,200,0.000834,Minst 1 dos,,,
52,2020,Gävleborg,0,0.000000,Färdigvaccinerade,,,
52,2020,Västernorrland,0,0.000000,Minst 1 dos,,,
52,2020,Västernorrland,0,0.000000,Färdigvaccinerade,,,
52,2020,Jämtland,63,0.000578,Minst 1 dos,,,
52,2020,Jämtland,0,0.000000,Färdigvaccinerade,,,
52,2020,Västerbotten,0,0.000000,Minst 1 dos,,,
52,2020,Västerbotten,0,0.000000,Färdigvaccinerade,,,
52,2020,Norrbotten,0,0.000000,Minst 1 dos,,,
52,2020,Norrbotten,0,0.000000,Färdigvaccinerade,,,
53,2020,| Sverige |,16229,0.001900,Minst 1 dos,,,
53,2020,| Sverige |,0,0.000000,Färdigvaccinerade,,,
53,2020,Stockholm,2283,0.001170,Minst 1 dos,,,
53,2020,Stockholm,0,0.000000,Färdigvaccinerade,,,
53,2020,Uppsala,242,0.000758,Minst 1 dos,,,
53,2020,Uppsala,0,0.000000,Färdigvaccinerade,,,
53,2020,Södermanland,1254,0.005119,Minst 1 dos,,,
53,2020,Södermanland,0,0.000000,Färdigvaccinerade,,,
53,2020,Östergötland,2257,0.005847,Minst 1 dos,,,
53,2020,Östergötland,0,0.000000,Färdigvaccinerade,,,
53,2020,Jönköping,1162,0.003897,Minst 1 dos,,,
53,2020,Jönköping,0,0.000000,Färdigvaccinerade,,,
53,2020,Kronoberg,221,0.001337,Minst 1 dos,,,
53,2020,Kronoberg,0,0.000000,Färdigvaccinerade,,,
53,2020,Kalmar,293,0.001427,Minst 1 dos,,,
53,2020,Kalmar,0,0.000000,Färdigvaccinerade,,,
53,2020,Gotland,199,0.003912,Minst 1 dos,,,
53,2020,Gotland,0,0.000000,Färdigvaccinerade,,,
53,2020,Blekinge,683,0.005156,Minst 1 dos,,,
53,2020,Blekinge,0,0.000000,Färdigvaccinerade,,,
53,2020,Skåne,1447,0.001273,Minst 1 dos,,,
53,2020,Skåne,0,0.000000,Färdigvaccinerade,,,
53,2020,Halland,233,0.000845,Minst 1 dos,,,
53,2020,Halland,0,0.000000,Färdigvaccinerade,,,
53,2020,Västra Götaland,2375,0.001662,Minst 1 dos,,,
53,2020,Västra Götaland,0,0.000000,Färdigvaccinerade,,,
53,2020,Värmland,200,0.000845,Minst 1 dos,,,
53,2020,Värmland,0,0.000000,Färdigvaccinerade,,,
53,2020,Örebro,1338,0.005316,Minst 1 dos,,,
53,2020,Örebro,0,0.000000,Färdigvaccinerade,,,
53,2020,Västmanland,278,0.001217,Minst 1 dos,,,
53,2020,Västmanland,0,0.000000,Färdigvaccinerade,,,
53,2020,Dalarna,194,0.000812,Minst 1 dos,,,
53,2020,Dalarna,0,0.000000,Färdigvaccinerade,,,
53,2020,Gävleborg,724,0.003019,Minst 1 dos,,,
53,2020,Gävleborg,0,0.000000,Färdigvaccinerade,,,
53,2020,Västernorrland,222,0.001088,Minst 1 dos,,,
53,2020,Västernorrland,0,0.000000,Färdigvaccinerade,,,
53,2020,Jämtland,200,0.001836,Minst 1 dos,,,
53,2020,Jämtland,0,0.000000,Färdigvaccinerade,,,
53,2020,Västerbotten,210,0.000925,Minst 1 dos,,,
53,2020,Västerbotten,0,0.000000,Färdigvaccinerade,,,
53,2020,Norrbotten,214,0.001014,Minst 1 dos,,,
53,2020,Norrbotten,0,0.000000,Färdigvaccinerade,,,
01,2021,| Sverige |,52160,0.006107,Minst 1 dos,,,
01,2021,| Sverige |,8,0.000001,Färdigvaccinerade,,,
01,2021,Stockholm,7324,0.003753,Minst 1 dos,,,
01,2021,Stockholm,0,0.000000,Färdigvaccinerade,,,
01,2021,Uppsala,1384,0.004333,Minst 1 dos,,,
01,2021,Uppsala,0,0.000000,Färdigvaccinerade,,,
01,2021,Södermanland,4024,0.016427,Minst 1 dos,,,
01,2021,Södermanland,0,0.000000,Färdigvaccinerade,,,
01,2021,Östergötland,4491,0.011635,Minst 1 dos,,,
01,2021,Östergötland,0,0.000000,Färdigvaccinerade,,,
01,2021,Jönköping,1672,0.005608,Minst 1 dos,,,
01,2021,Jönköping,0,0.000000,Färdigvaccinerade,,,
01,2021,Kronoberg,1240,0.007502,Minst 1 dos,,,
01,2021,Kronoberg,0,0.000000,Färdigvaccinerade,,,
01,2021,Kalmar,1860,0.009061,Minst 1 dos,,,
01,2021,Kalmar,0,0.000000,Färdigvaccinerade,,,
01,2021,Gotland,496,0.009752,Minst 1 dos,,,
01,2021,Gotland,0,0.000000,Färdigvaccinerade,,,
01,2021,Blekinge,1684,0.012713,Minst 1 dos,,,
01,2021,Blekinge,0,0.000000,Färdigvaccinerade,,,
01,2021,Skåne,4513,0.003971,Minst 1 dos,,,
01,2021,Skåne,0,0.000000,Färdigvaccinerade,,,
01,2021,Halland,381,0.001381,Minst 1 dos,,,
01,2021,Halland,0,0.000000,Färdigvaccinerade,,,
01,2021,Västra Götaland,7279,0.005095,Minst 1 dos,,,
01,2021,Västra Götaland,0,0.000000,Färdigvaccinerade,,,
01,2021,Värmland,1136,0.004800,Minst 1 dos,,,
01,2021,Värmland,0,0.000000,Färdigvaccinerade,,,
01,2021,Örebro,3122,0.012405,Minst 1 dos,,,
01,2021,Örebro,0,0.000000,Färdigvaccinerade,,,
01,2021,Västmanland,686,0.003004,Minst 1 dos,,,
01,2021,Västmanland,0,0.000000,Färdigvaccinerade,,,
01,2021,Dalarna,3141,0.013147,Minst 1 dos,,,
01,2021,Dalarna,0,0.000000,Färdigvaccinerade,,,
01,2021,Gävleborg,2072,0.008640,Minst 1 dos,,,
01,2021,Gävleborg,0,0.000000,Färdigvaccinerade,,,
01,2021,Västernorrland,1998,0.009790,Minst 1 dos,,,
01,2021,Västernorrland,0,0.000000,Färdigvaccinerade,,,
01,2021,Jämtland,1124,0.010316,Minst 1 dos,,,
01,2021,Jämtland,0,0.000000,Färdigvaccinerade,,,
01,2021,Västerbotten,1238,0.005450,Minst 1 dos,,,
01,2021,Västerbotten,0,0.000000,Färdigvaccinerade,,,
01,2021,Norrbotten,1295,0.006134,Minst 1 dos,,,
01,2021,Norrbotten,0,0.000000,Färdigvaccinerade,,,
02,2021,| Sverige |,130852,0.015320,Minst 1 dos,,,
02,2021,| Sverige |,50,0.000006,Färdigvaccinerade,,,
02,2021,Stockholm,22979,0.011776,Minst 1 dos,,,
02,2021,Stockholm,27,0.000014,Färdigvaccinerade,,,
02,2021,Uppsala,5111,0.016002,Minst 1 dos,,,
02,2021,Uppsala,0,0.000000,Färdigvaccinerade,,,
02,2021,Södermanland,7153,0.029200,Minst 1 dos,,,
02,2021,Södermanland,0,0.000000,Färdigvaccinerade,,,
02,2021,Östergötland,6800,0.017618,Minst 1 dos,,,
02,2021,Östergötland,0,0.000000,Färdigvaccinerade,,,
02,2021,Jönköping,6951,0.023313,Minst 1 dos,,,
02,2021,Jönköping,0,0.000000,Färdigvaccinerade,,,
02,2021,Kronoberg,2274,0.013758,Minst 1 dos,,,
02,2021,Kronoberg,0,0.000000,Färdigvaccinerade,,,
02,2021,Kalmar,4513,0.021984,Minst 1 dos,,,
02,2021,Kalmar,0,0.000000,Färdigvaccinerade,,,
02,2021,Gotland,1180,0.023200,Minst 1 dos,,,
02,2021,Gotland,0,0.000000,Färdigvaccinerade,,,
02,2021,Blekinge,2842,0.021455,Minst 1 dos,,,
02,2021,Blekinge,0,0.000000,Färdigvaccinerade,,,
02,2021,Skåne,14993,0.013191,Minst 1 dos,,,
02,2021,Skåne,0,0.000000,Färdigvaccinerade,,,
02,2021,Halland,2957,0.010720,Minst 1 dos,,,
02,2021,Halland,0,0.000000,Färdigvaccinerade,,,
02,2021,Västra Götaland,17139,0.011997,Minst 1 dos,,,
02,2021,Västra Götaland,8,0.000006,Färdigvaccinerade,,,
02,2021,Värmland,2639,0.011150,Minst 1 dos,,,
02,2021,Värmland,0,0.000000,Färdigvaccinerade,,,
02,2021,Örebro,5668,0.022521,Minst 1 dos,,,
02,2021,Örebro,0,0.000000,Färdigvaccinerade,,,
02,2021,Västmanland,5820,0.025484,Minst 1 dos,,,
02,2021,Västmanland,0,0.000000,Färdigvaccinerade,,,
02,2021,Dalarna,3207,0.013423,Minst 1 dos,,,
02,2021,Dalarna,0,0.000000,Färdigvaccinerade,,,
02,2021,Gävleborg,4703,0.019611,Minst 1 dos,,,
02,2021,Gävleborg,0,0.000000,Färdigvaccinerade,,,
02,2021,Västernorrland,4851,0.023769,Minst 1 dos,,,
02,2021,Västernorrland,0,0.000000,Färdigvaccinerade,,,
02,2021,Jämtland,2162,0.019843,Minst 1 dos,,,
02,2021,Jämtland,0,0.000000,Färdigvaccinerade,,,
02,2021,Västerbotten,3390,0.014924,Minst 1 dos,,,
02,2021,Västerbotten,0,0.000000,Färdigvaccinerade,,,
02,2021,Norrbotten,3520,0.016672,Minst 1 dos,,,
02,2021,Norrbotten,0,0.000000,Färdigvaccinerade,,,
03,2021,| Sverige |,235896,0.027618,Minst 1 dos,,,
03,2021,| Sverige |,10778,0.001262,Färdigvaccinerade,,,
03,2021,Stockholm,34892,0.017882,Minst 1 dos,,,
03,2021,Stockholm,2118,0.001085,Färdigvaccinerade,,,
03,2021,Uppsala,7799,0.024418,Minst 1 dos,,,
03,2021,Uppsala,171,0.000535,Färdigvaccinerade,,,
03,2021,Södermanland,10626,0.043378,Minst 1 dos,,,
03,2021,Södermanland,816,0.003331,Färdigvaccinerade,,,
03,2021,Östergötland,11419,0.029585,Minst 1 dos,,,
03,2021,Östergötland,2056,0.005327,Färdigvaccinerade,,,
03,2021,Jönköping,10363,0.034757,Minst 1 dos,,,
03,2021,Jönköping,890,0.002985,Färdigvaccinerade,,,
03,2021,Kronoberg,4255,0.025742,Minst 1 dos,,,
03,2021,Kronoberg,203,0.001228,Färdigvaccinerade,,,
03,2021,Kalmar,8157,0.039736,Minst 1 dos,,,
03,2021,Kalmar,288,0.001403,Färdigvaccinerade,,,
03,2021,Gotland,2202,0.043293,Minst 1 dos,,,
03,2021,Gotland,191,0.003755,Färdigvaccinerade,,,
03,2021,Blekinge,4232,0.031949,Minst 1 dos,,,
03,2021,Blekinge,286,0.002159,Färdigvaccinerade,,,
03,2021,Skåne,28712,0.025261,Minst 1 dos,,,
03,2021,Skåne,339,0.000298,Färdigvaccinerade,,,
03,2021,Halland,7147,0.025910,Minst 1 dos,,,
03,2021,Halland,185,0.000671,Färdigvaccinerade,,,
03,2021,Västra Götaland,39987,0.027990,Minst 1 dos,,,
03,2021,Västra Götaland,438,0.000307,Färdigvaccinerade,,,
03,2021,Värmland,6532,0.027599,Minst 1 dos,,,
03,2021,Värmland,178,0.000752,Färdigvaccinerade,,,
03,2021,Örebro,9529,0.037863,Minst 1 dos,,,
03,2021,Örebro,805,0.003199,Färdigvaccinerade,,,
03,2021,Västmanland,8997,0.039395,Minst 1 dos,,,
03,2021,Västmanland,249,0.001090,Färdigvaccinerade,,,
03,2021,Dalarna,10015,0.041918,Minst 1 dos,,,
03,2021,Dalarna,171,0.000716,Färdigvaccinerade,,,
03,2021,Gävleborg,7121,0.029694,Minst 1 dos,,,
03,2021,Gävleborg,645,0.002690,Färdigvaccinerade,,,
03,2021,Västernorrland,7885,0.038635,Minst 1 dos,,,
03,2021,Västernorrland,190,0.000931,Färdigvaccinerade,,,
03,2021,Jämtland,3524,0.032344,Minst 1 dos,,,
03,2021,Jämtland,162,0.001487,Färdigvaccinerade,,,
03,2021,Västerbotten,5644,0.024848,Minst 1 dos,,,
03,2021,Västerbotten,190,0.000836,Färdigvaccinerade,,,
03,2021,Norrbotten,6858,0.032483,Minst 1 dos,,,
03,2021,Norrbotten,207,0.000980,Färdigvaccinerade,,,
04,2021,| Sverige |,300673,0.035201,Minst 1 dos,,,
04,2021,| Sverige |,36980,0.004329,Färdigvaccinerade,,,
04,2021,Stockholm,44791,0.022955,Minst 1 dos,,,
04,2021,Stockholm,6741,0.003455,Färdigvaccinerade,,,
04,2021,Uppsala,10554,0.033044,Minst 1 dos,,,
04,2021,Uppsala,1161,0.003635,Färdigvaccinerade,,,
04,2021,Södermanland,11569,0.047228,Minst 1 dos,,,
04,2021,Södermanland,2581,0.010536,Färdigvaccinerade,,,
04,2021,Östergötland,14472,0.037494,Minst 1 dos,,,
04,2021,Östergötland,3797,0.009837,Färdigvaccinerade,,,
04,2021,Jönköping,13170,0.044171,Minst 1 dos,,,
04,2021,Jönköping,1418,0.004756,Färdigvaccinerade,,,
04,2021,Kronoberg,5349,0.032361,Minst 1 dos,,,
04,2021,Kronoberg,1140,0.006897,Färdigvaccinerade,,,
04,2021,Kalmar,11486,0.055953,Minst 1 dos,,,
04,2021,Kalmar,1778,0.008661,Färdigvaccinerade,,,
04,2021,Gotland,4122,0.081041,Minst 1 dos,,,
04,2021,Gotland,395,0.007766,Färdigvaccinerade,,,
04,2021,Blekinge,5565,0.042012,Minst 1 dos,,,
04,2021,Blekinge,1408,0.010629,Färdigvaccinerade,,,
04,2021,Skåne,39104,0.034404,Minst 1 dos,,,
04,2021,Skåne,1400,0.001232,Färdigvaccinerade,,,
04,2021,Halland,10585,0.038374,Minst 1 dos,,,
04,2021,Halland,316,0.001146,Färdigvaccinerade,,,
04,2021,Västra Götaland,48770,0.034138,Minst 1 dos,,,
04,2021,Västra Götaland,2234,0.001564,Färdigvaccinerade,,,
04,2021,Värmland,10053,0.042476,Minst 1 dos,,,
04,2021,Värmland,1055,0.004458,Färdigvaccinerade,,,
04,2021,Örebro,10903,0.043322,Minst 1 dos,,,
04,2021,Örebro,1936,0.007693,Färdigvaccinerade,,,
04,2021,Västmanland,10329,0.045228,Minst 1 dos,,,
04,2021,Västmanland,582,0.002548,Färdigvaccinerade,,,
04,2021,Dalarna,10461,0.043785,Minst 1 dos,,,
04,2021,Dalarna,2981,0.012477,Färdigvaccinerade,,,
04,2021,Gävleborg,9523,0.039710,Minst 1 dos,,,
04,2021,Gävleborg,1946,0.008115,Färdigvaccinerade,,,
04,2021,Västernorrland,8452,0.041413,Minst 1 dos,,,
04,2021,Västernorrland,1738,0.008516,Färdigvaccinerade,,,
04,2021,Jämtland,3920,0.035979,Minst 1 dos,,,
04,2021,Jämtland,953,0.008747,Färdigvaccinerade,,,
04,2021,Västerbotten,8052,0.035449,Minst 1 dos,,,
04,2021,Västerbotten,202,0.000889,Färdigvaccinerade,,,
04,2021,Norrbotten,9443,0.044726,Minst 1 dos,,,
04,2021,Norrbotten,1218,0.005769,Färdigvaccinerade,,,
05,2021,| Sverige |,344200,0.040297,Minst 1 dos,,,
05,2021,| Sverige |,93138,0.010904,Färdigvaccinerade,,,
05,2021,Stockholm,53177,0.027253,Minst 1 dos,,,
05,2021,Stockholm,17433,0.008934,Färdigvaccinerade,,,
05,2021,Uppsala,12773,0.039992,Minst 1 dos,,,
05,2021,Uppsala,3384,0.010595,Färdigvaccinerade,,,
05,2021,Södermanland,11944,0.048759,Minst 1 dos,,,
05,2021,Södermanland,5967,0.024359,Färdigvaccinerade,,,
05,2021,Östergötland,16905,0.043798,Minst 1 dos,,,
05,2021,Östergötland,6096,0.015794,Färdigvaccinerade,,,
05,2021,Jönköping,13590,0.045580,Minst 1 dos,,,
05,2021,Jönköping,6227,0.020885,Färdigvaccinerade,,,
05,2021,Kronoberg,6803,0.041158,Minst 1 dos,,,
05,2021,Kronoberg,2095,0.012675,Färdigvaccinerade,,,
05,2021,Kalmar,13611,0.066304,Minst 1 dos,,,
05,2021,Kalmar,1935,0.009426,Färdigvaccinerade,,,
05,2021,Gotland,4899,0.096318,Minst 1 dos,,,
05,2021,Gotland,1102,0.021666,Färdigvaccinerade,,,
05,2021,Blekinge,7043,0.053170,Minst 1 dos,,,
05,2021,Blekinge,2528,0.019085,Färdigvaccinerade,,,
05,2021,Skåne,45862,0.040350,Minst 1 dos,,,
05,2021,Skåne,8311,0.007312,Färdigvaccinerade,,,
05,2021,Halland,12874,0.046672,Minst 1 dos,,,
05,2021,Halland,2607,0.009451,Färdigvaccinerade,,,
05,2021,Västra Götaland,54098,0.037867,Minst 1 dos,,,
05,2021,Västra Götaland,7099,0.004969,Färdigvaccinerade,,,
05,2021,Värmland,12223,0.051645,Minst 1 dos,,,
05,2021,Värmland,2377,0.010043,Färdigvaccinerade,,,
05,2021,Örebro,12197,0.048464,Minst 1 dos,,,
05,2021,Örebro,3665,0.014563,Färdigvaccinerade,,,
05,2021,Västmanland,10798,0.047281,Minst 1 dos,,,
05,2021,Västmanland,5049,0.022108,Färdigvaccinerade,,,
05,2021,Dalarna,10533,0.044086,Minst 1 dos,,,
05,2021,Dalarna,3043,0.012736,Färdigvaccinerade,,,
05,2021,Gävleborg,12420,0.051791,Minst 1 dos,,,
05,2021,Gävleborg,4461,0.018602,Färdigvaccinerade,,,
05,2021,Västernorrland,9143,0.044799,Minst 1 dos,,,
05,2021,Västernorrland,3034,0.014866,Färdigvaccinerade,,,
05,2021,Jämtland,4013,0.036832,Minst 1 dos,,,
05,2021,Jämtland,2137,0.019614,Färdigvaccinerade,,,
05,2021,Västerbotten,9560,0.042088,Minst 1 dos,,,
05,2021,Västerbotten,1292,0.005688,Färdigvaccinerade,,,
05,2021,Norrbotten,9734,0.046105,Minst 1 dos,,,
05,2021,Norrbotten,3296,0.015611,Färdigvaccinerade,,,
06,2021,| Sverige |,390964,0.045772,Minst 1 dos,,,
06,2021,| Sverige |,163871,0.019185,Färdigvaccinerade,,,
06,2021,Stockholm,57917,0.029682,Minst 1 dos,,,
06,2021,Stockholm,27711,0.014202,Färdigvaccinerade,,,
06,2021,Uppsala,15052,0.047127,Minst 1 dos,,,
06,2021,Uppsala,5753,0.018012,Färdigvaccinerade,,,
06,2021,Södermanland,12849,0.052453,Minst 1 dos,,,
06,2021,Södermanland,9196,0.037541,Färdigvaccinerade,,,
06,2021,Östergötland,18761,0.048606,Minst 1 dos,,,
06,2021,Östergötland,9958,0.025799,Färdigvaccinerade,,,
06,2021,Jönköping,15509,0.052016,Minst 1 dos,,,
06,2021,Jönköping,9159,0.030719,Färdigvaccinerade,,,
06,2021,Kronoberg,7471,0.045199,Minst 1 dos,,,
06,2021,Kronoberg,3909,0.023649,Färdigvaccinerade,,,
06,2021,Kalmar,14725,0.071731,Minst 1 dos,,,
06,2021,Kalmar,5055,0.024625,Färdigvaccinerade,,,
06,2021,Gotland,5174,0.101724,Minst 1 dos,,,
06,2021,Gotland,1348,0.026503,Färdigvaccinerade,,,
06,2021,Blekinge,8314,0.062765,Minst 1 dos,,,
06,2021,Blekinge,3855,0.029102,Färdigvaccinerade,,,
06,2021,Skåne,49171,0.043261,Minst 1 dos,,,
06,2021,Skåne,14306,0.012587,Färdigvaccinerade,,,
06,2021,Halland,16113,0.058414,Minst 1 dos,,,
06,2021,Halland,6162,0.022339,Färdigvaccinerade,,,
06,2021,Västra Götaland,65296,0.045705,Minst 1 dos,,,
06,2021,Västra Götaland,16614,0.011629,Färdigvaccinerade,,,
06,2021,Värmland,14122,0.059668,Minst 1 dos,,,
06,2021,Värmland,4679,0.019770,Färdigvaccinerade,,,
06,2021,Örebro,14785,0.058747,Minst 1 dos,,,
06,2021,Örebro,5971,0.023725,Färdigvaccinerade,,,
06,2021,Västmanland,11693,0.051200,Minst 1 dos,,,
06,2021,Västmanland,7050,0.030870,Färdigvaccinerade,,,
06,2021,Dalarna,11240,0.047045,Minst 1 dos,,,
06,2021,Dalarna,9288,0.038875,Färdigvaccinerade,,,
06,2021,Gävleborg,14918,0.062207,Minst 1 dos,,,
06,2021,Gävleborg,6176,0.025754,Färdigvaccinerade,,,
06,2021,Västernorrland,10035,0.049169,Minst 1 dos,,,
06,2021,Västernorrland,4881,0.023916,Färdigvaccinerade,,,
06,2021,Jämtland,5008,0.045965,Minst 1 dos,,,
06,2021,Jämtland,3223,0.029582,Färdigvaccinerade,,,
06,2021,Västerbotten,10978,0.048330,Minst 1 dos,,,
06,2021,Västerbotten,3342,0.014713,Färdigvaccinerade,,,
06,2021,Norrbotten,11833,0.056046,Minst 1 dos,,,
06,2021,Norrbotten,6235,0.029532,Färdigvaccinerade,,,
07,2021,| Sverige |,460922,0.053963,Minst 1 dos,,,
07,2021,| Sverige |,247803,0.029012,Färdigvaccinerade,,,
07,2021,Stockholm,65832,0.033738,Minst 1 dos,,,
07,2021,Stockholm,38042,0.019496,Färdigvaccinerade,,,
07,2021,Uppsala,17596,0.055092,Minst 1 dos,,,
07,2021,Uppsala,8049,0.025201,Färdigvaccinerade,,,
07,2021,Södermanland,16234,0.066272,Minst 1 dos,,,
07,2021,Södermanland,11013,0.044958,Färdigvaccinerade,,,
07,2021,Östergötland,23616,0.061185,Minst 1 dos,,,
07,2021,Östergötland,13275,0.034393,Färdigvaccinerade,,,
07,2021,Jönköping,18733,0.062829,Minst 1 dos,,,
07,2021,Jönköping,12215,0.040968,Färdigvaccinerade,,,
07,2021,Kronoberg,9313,0.056343,Minst 1 dos,,,
07,2021,Kronoberg,5053,0.030570,Färdigvaccinerade,,,
07,2021,Kalmar,16854,0.082102,Minst 1 dos,,,
07,2021,Kalmar,7969,0.038820,Färdigvaccinerade,,,
07,2021,Gotland,5387,0.105912,Minst 1 dos,,,
07,2021,Gotland,2378,0.046753,Färdigvaccinerade,,,
07,2021,Blekinge,10764,0.081260,Minst 1 dos,,,
07,2021,Blekinge,5130,0.038728,Färdigvaccinerade,,,
07,2021,Skåne,55795,0.049089,Minst 1 dos,,,
07,2021,Skåne,28067,0.024694,Färdigvaccinerade,,,
07,2021,Halland,19516,0.070751,Minst 1 dos,,,
07,2021,Halland,9600,0.034803,Färdigvaccinerade,,,
07,2021,Västra Götaland,75967,0.053175,Minst 1 dos,,,
07,2021,Västra Götaland,37752,0.026425,Färdigvaccinerade,,,
07,2021,Värmland,16988,0.071778,Minst 1 dos,,,
07,2021,Värmland,7598,0.032103,Färdigvaccinerade,,,
07,2021,Örebro,17233,0.068474,Minst 1 dos,,,
07,2021,Örebro,9574,0.038042,Färdigvaccinerade,,,
07,2021,Västmanland,14423,0.063154,Minst 1 dos,,,
07,2021,Västmanland,9324,0.040827,Färdigvaccinerade,,,
07,2021,Dalarna,14147,0.059212,Minst 1 dos,,,
07,2021,Dalarna,9918,0.041512,Färdigvaccinerade,,,
07,2021,Gävleborg,18396,0.076710,Minst 1 dos,,,
07,2021,Gävleborg,8476,0.035344,Färdigvaccinerade,,,
07,2021,Västernorrland,11350,0.055612,Minst 1 dos,,,
07,2021,Västernorrland,6800,0.033318,Färdigvaccinerade,,,
07,2021,Jämtland,7026,0.064487,Minst 1 dos,,,
07,2021,Jämtland,3595,0.032996,Färdigvaccinerade,,,
07,2021,Västerbotten,12086,0.053208,Minst 1 dos,,,
07,2021,Västerbotten,5418,0.023853,Färdigvaccinerade,,,
07,2021,Norrbotten,13666,0.064728,Minst 1 dos,,,
07,2021,Norrbotten,8557,0.040530,Färdigvaccinerade,,,
08,2021,| Sverige |,562538,0.065859,Minst 1 dos,,,
08,2021,| Sverige |,302143,0.035374,Färdigvaccinerade,,,
08,2021,Stockholm,84873,0.043496,Minst 1 dos,,,
08,2021,Stockholm,47065,0.024120,Färdigvaccinerade,,,
08,2021,Uppsala,20460,0.064059,Minst 1 dos,,,
08,2021,Uppsala,10113,0.031663,Färdigvaccinerade,,,
08,2021,Södermanland,21097,0.086124,Minst 1 dos,,,
08,2021,Södermanland,11374,0.046432,Färdigvaccinerade,,,
08,2021,Östergötland,29361,0.076069,Minst 1 dos,,,
08,2021,Östergötland,15657,0.040564,Färdigvaccinerade,,,
08,2021,Jönköping,24834,0.083292,Minst 1 dos,,,
08,2021,Jönköping,12872,0.043172,Färdigvaccinerade,,,
08,2021,Kronoberg,10856,0.065678,Minst 1 dos,,,
08,2021,Kronoberg,6195,0.037479,Färdigvaccinerade,,,
08,2021,Kalmar,19245,0.093750,Minst 1 dos,,,
08,2021,Kalmar,11102,0.054082,Färdigvaccinerade,,,
08,2021,Gotland,5847,0.114956,Minst 1 dos,,,
08,2021,Gotland,4396,0.086428,Färdigvaccinerade,,,
08,2021,Blekinge,12295,0.092818,Minst 1 dos,,,
08,2021,Blekinge,6360,0.048013,Färdigvaccinerade,,,
08,2021,Skåne,65464,0.057596,Minst 1 dos,,,
08,2021,Skåne,37576,0.033060,Färdigvaccinerade,,,
08,2021,Halland,22236,0.080612,Minst 1 dos,,,
08,2021,Halland,12019,0.043572,Färdigvaccinerade,,,
08,2021,Västra Götaland,90417,0.063289,Minst 1 dos,,,
08,2021,Västra Götaland,46242,0.032368,Färdigvaccinerade,,,
08,2021,Värmland,20049,0.084711,Minst 1 dos,,,
08,2021,Värmland,11051,0.046693,Färdigvaccinerade,,,
08,2021,Örebro,22055,0.087634,Minst 1 dos,,,
08,2021,Örebro,10426,0.041427,Färdigvaccinerade,,,
08,2021,Västmanland,17771,0.077814,Minst 1 dos,,,
08,2021,Västmanland,9613,0.042092,Färdigvaccinerade,,,
08,2021,Dalarna,17953,0.075142,Minst 1 dos,,,
08,2021,Dalarna,10071,0.042152,Färdigvaccinerade,,,
08,2021,Gävleborg,22393,0.093377,Minst 1 dos,,,
08,2021,Gävleborg,10977,0.045773,Färdigvaccinerade,,,
08,2021,Västernorrland,14825,0.072639,Minst 1 dos,,,
08,2021,Västernorrland,8551,0.041898,Färdigvaccinerade,,,
08,2021,Jämtland,9186,0.084312,Minst 1 dos,,,
08,2021,Jämtland,3792,0.034804,Färdigvaccinerade,,,
08,2021,Västerbotten,15024,0.066143,Minst 1 dos,,,
08,2021,Västerbotten,7681,0.033815,Färdigvaccinerade,,,
08,2021,Norrbotten,16297,0.077190,Minst 1 dos,,,
08,2021,Norrbotten,9010,0.042675,Färdigvaccinerade,,,
09,2021,| Sverige |,713921,0.083583,Minst 1 dos,,,
09,2021,| Sverige |,339802,0.039782,Färdigvaccinerade,,,
09,2021,Stockholm,110204,0.056478,Minst 1 dos,,,
09,2021,Stockholm,52078,0.026689,Färdigvaccinerade,,,
09,2021,Uppsala,25767,0.080675,Minst 1 dos,,,
09,2021,Uppsala,12479,0.039071,Färdigvaccinerade,,,
09,2021,Södermanland,27661,0.112920,Minst 1 dos,,,
09,2021,Södermanland,11688,0.047714,Färdigvaccinerade,,,
09,2021,Östergötland,38143,0.098822,Minst 1 dos,,,
09,2021,Östergötland,16394,0.042474,Färdigvaccinerade,,,
09,2021,Jönköping,30728,0.103060,Minst 1 dos,,,
09,2021,Jönköping,13380,0.044876,Färdigvaccinerade,,,
09,2021,Kronoberg,14442,0.087373,Minst 1 dos,,,
09,2021,Kronoberg,6857,0.041484,Färdigvaccinerade,,,
09,2021,Kalmar,24552,0.119602,Minst 1 dos,,,
09,2021,Kalmar,13276,0.064672,Färdigvaccinerade,,,
09,2021,Gotland,6588,0.129524,Minst 1 dos,,,
09,2021,Gotland,4712,0.092641,Färdigvaccinerade,,,
09,2021,Blekinge,14624,0.110401,Minst 1 dos,,,
09,2021,Blekinge,7364,0.055593,Färdigvaccinerade,,,
09,2021,Skåne,81415,0.071630,Minst 1 dos,,,
09,2021,Skåne,44255,0.038936,Färdigvaccinerade,,,
09,2021,Halland,26302,0.095352,Minst 1 dos,,,
09,2021,Halland,14791,0.053622,Färdigvaccinerade,,,
09,2021,Västra Götaland,118777,0.083141,Minst 1 dos,,,
09,2021,Västra Götaland,51045,0.035730,Färdigvaccinerade,,,
09,2021,Värmland,26195,0.110679,Minst 1 dos,,,
09,2021,Värmland,12757,0.053901,Färdigvaccinerade,,,
09,2021,Örebro,26832,0.106615,Minst 1 dos,,,
09,2021,Örebro,11895,0.047264,Färdigvaccinerade,,,
09,2021,Västmanland,23380,0.102374,Minst 1 dos,,,
09,2021,Västmanland,9989,0.043739,Färdigvaccinerade,,,
09,2021,Dalarna,21145,0.088502,Minst 1 dos,,,
09,2021,Dalarna,10548,0.044149,Färdigvaccinerade,,,
09,2021,Gävleborg,26299,0.109665,Minst 1 dos,,,
09,2021,Gävleborg,12641,0.052712,Färdigvaccinerade,,,
09,2021,Västernorrland,19914,0.097574,Minst 1 dos,,,
09,2021,Västernorrland,9135,0.044759,Färdigvaccinerade,,,
09,2021,Jämtland,12089,0.110956,Minst 1 dos,,,
09,2021,Jämtland,4747,0.043569,Färdigvaccinerade,,,
09,2021,Västerbotten,19576,0.086183,Minst 1 dos,,,
09,2021,Västerbotten,9197,0.040490,Färdigvaccinerade,,,
09,2021,Norrbotten,19288,0.091356,Minst 1 dos,,,
09,2021,Norrbotten,10574,0.050083,Färdigvaccinerade,,,
10,2021,| Sverige |,895938,0.104892,Minst 1 dos,,,
10,2021,| Sverige |,378590,0.044324,Färdigvaccinerade,,,
10,2021,Stockholm,141641,0.072589,Minst 1 dos,,,
10,2021,Stockholm,57253,0.029341,Färdigvaccinerade,,,
10,2021,Uppsala,29368,0.091950,Minst 1 dos,,,
10,2021,Uppsala,15148,0.047428,Färdigvaccinerade,,,
10,2021,Södermanland,34168,0.139483,Minst 1 dos,,,
10,2021,Södermanland,13555,0.055335,Färdigvaccinerade,,,
10,2021,Östergötland,46037,0.119274,Minst 1 dos,,,
10,2021,Östergötland,19282,0.049956,Färdigvaccinerade,,,
10,2021,Jönköping,37475,0.125689,Minst 1 dos,,,
10,2021,Jönköping,15309,0.051345,Färdigvaccinerade,,,
10,2021,Kronoberg,16935,0.102456,Minst 1 dos,,,
10,2021,Kronoberg,7882,0.047686,Färdigvaccinerade,,,
10,2021,Kalmar,30005,0.146165,Minst 1 dos,,,
10,2021,Kalmar,13916,0.067790,Färdigvaccinerade,,,
10,2021,Gotland,8628,0.169632,Minst 1 dos,,,
10,2021,Gotland,4937,0.097065,Färdigvaccinerade,,,
10,2021,Blekinge,17803,0.134400,Minst 1 dos,,,
10,2021,Blekinge,8843,0.066758,Färdigvaccinerade,,,
10,2021,Skåne,106194,0.093431,Minst 1 dos,,,
10,2021,Skåne,47593,0.041873,Färdigvaccinerade,,,
10,2021,Halland,32555,0.118021,Minst 1 dos,,,
10,2021,Halland,16588,0.060136,Färdigvaccinerade,,,
10,2021,Västra Götaland,151952,0.106362,Minst 1 dos,,,
10,2021,Västra Götaland,55454,0.038816,Färdigvaccinerade,,,
10,2021,Värmland,31795,0.134340,Minst 1 dos,,,
10,2021,Värmland,13895,0.058709,Färdigvaccinerade,,,
10,2021,Örebro,32276,0.128247,Minst 1 dos,,,
10,2021,Örebro,13898,0.055223,Färdigvaccinerade,,,
10,2021,Västmanland,28523,0.124894,Minst 1 dos,,,
10,2021,Västmanland,11563,0.050631,Färdigvaccinerade,,,
10,2021,Dalarna,27240,0.114013,Minst 1 dos,,,
10,2021,Dalarna,11538,0.048292,Färdigvaccinerade,,,
10,2021,Gävleborg,31294,0.130494,Minst 1 dos,,,
10,2021,Gävleborg,14292,0.059597,Färdigvaccinerade,,,
10,2021,Västernorrland,26191,0.128330,Minst 1 dos,,,
10,2021,Västernorrland,9730,0.047675,Färdigvaccinerade,,,
10,2021,Jämtland,14818,0.136004,Minst 1 dos,,,
10,2021,Jämtland,5781,0.053060,Färdigvaccinerade,,,
10,2021,Västerbotten,26171,0.115217,Minst 1 dos,,,
10,2021,Västerbotten,10432,0.045927,Färdigvaccinerade,,,
10,2021,Norrbotten,24869,0.117791,Minst 1 dos,,,
10,2021,Norrbotten,11701,0.055421,Färdigvaccinerade,,,
11,2021,| Sverige |,1014135,0.118730,Minst 1 dos,,,
11,2021,| Sverige |,433327,0.050732,Färdigvaccinerade,,,
11,2021,Stockholm,164464,0.084286,Minst 1 dos,,,
11,2021,Stockholm,71621,0.036705,Färdigvaccinerade,,,
11,2021,Uppsala,33265,0.104151,Minst 1 dos,,,
11,2021,Uppsala,17424,0.054554,Färdigvaccinerade,,,
11,2021,Södermanland,39637,0.161809,Minst 1 dos,,,
11,2021,Södermanland,15311,0.062504,Färdigvaccinerade,,,
11,2021,Östergötland,53021,0.137368,Minst 1 dos,,,
11,2021,Östergötland,22662,0.058713,Färdigvaccinerade,,,
11,2021,Jönköping,40671,0.136408,Minst 1 dos,,,
11,2021,Jönköping,18609,0.062413,Färdigvaccinerade,,,
11,2021,Kronoberg,19301,0.116770,Minst 1 dos,,,
11,2021,Kronoberg,8687,0.052556,Färdigvaccinerade,,,
11,2021,Kalmar,32989,0.160702,Minst 1 dos,,,
11,2021,Kalmar,15147,0.073787,Färdigvaccinerade,,,
11,2021,Gotland,10042,0.197432,Minst 1 dos,,,
11,2021,Gotland,5204,0.102314,Färdigvaccinerade,,,
11,2021,Blekinge,18969,0.143202,Minst 1 dos,,,
11,2021,Blekinge,10266,0.077501,Färdigvaccinerade,,,
11,2021,Skåne,123901,0.109010,Minst 1 dos,,,
11,2021,Skåne,50689,0.044597,Färdigvaccinerade,,,
11,2021,Halland,36380,0.131888,Minst 1 dos,,,
11,2021,Halland,19154,0.069439,Färdigvaccinerade,,,
11,2021,Västra Götaland,169052,0.118332,Minst 1 dos,,,
11,2021,Västra Götaland,61664,0.043163,Färdigvaccinerade,,,
11,2021,Värmland,35964,0.151955,Minst 1 dos,,,
11,2021,Värmland,15792,0.066724,Färdigvaccinerade,,,
11,2021,Örebro,34926,0.138776,Minst 1 dos,,,
11,2021,Örebro,15296,0.060778,Färdigvaccinerade,,,
11,2021,Västmanland,32752,0.143411,Minst 1 dos,,,
11,2021,Västmanland,13401,0.058679,Färdigvaccinerade,,,
11,2021,Dalarna,30834,0.129056,Minst 1 dos,,,
11,2021,Dalarna,13617,0.056994,Färdigvaccinerade,,,
11,2021,Gävleborg,35987,0.150063,Minst 1 dos,,,
11,2021,Gävleborg,16475,0.068700,Färdigvaccinerade,,,
11,2021,Västernorrland,29433,0.144215,Minst 1 dos,,,
11,2021,Västernorrland,11568,0.056681,Färdigvaccinerade,,,
11,2021,Jämtland,16638,0.152708,Minst 1 dos,,,
11,2021,Jämtland,7097,0.065138,Färdigvaccinerade,,,
11,2021,Västerbotten,29891,0.131594,Minst 1 dos,,,
11,2021,Västerbotten,10883,0.047912,Färdigvaccinerade,,,
11,2021,Norrbotten,26018,0.123233,Minst 1 dos,,,
11,2021,Norrbotten,12760,0.060437,Färdigvaccinerade,,,
12,2021,| Sverige |,1143319,0.133855,Minst 1 dos,,,
12,2021,| Sverige |,501407,0.058702,Färdigvaccinerade,,,
12,2021,Stockholm,190932,0.097850,Minst 1 dos,,,
12,2021,Stockholm,84321,0.043213,Färdigvaccinerade,,,
12,2021,Uppsala,37602,0.117730,Minst 1 dos,,,
12,2021,Uppsala,19611,0.061401,Färdigvaccinerade,,,
12,2021,Södermanland,43357,0.176995,Minst 1 dos,,,
12,2021,Södermanland,19260,0.078624,Färdigvaccinerade,,,
12,2021,Östergötland,59933,0.155276,Minst 1 dos,,,
12,2021,Östergötland,26457,0.068545,Färdigvaccinerade,,,
12,2021,Jönköping,43065,0.144437,Minst 1 dos,,,
12,2021,Jönköping,22313,0.074836,Färdigvaccinerade,,,
12,2021,Kronoberg,22297,0.134895,Minst 1 dos,,,
12,2021,Kronoberg,10394,0.062883,Färdigvaccinerade,,,
12,2021,Kalmar,38200,0.186086,Minst 1 dos,,,
12,2021,Kalmar,15898,0.077445,Färdigvaccinerade,,,
12,2021,Gotland,10433,0.205120,Minst 1 dos,,,
12,2021,Gotland,5278,0.103769,Färdigvaccinerade,,,
12,2021,Blekinge,20339,0.153545,Minst 1 dos,,,
12,2021,Blekinge,11323,0.085480,Färdigvaccinerade,,,
12,2021,Skåne,141624,0.124603,Minst 1 dos,,,
12,2021,Skåne,56817,0.049988,Färdigvaccinerade,,,
12,2021,Halland,43444,0.157497,Minst 1 dos,,,
12,2021,Halland,20687,0.074996,Färdigvaccinerade,,,
12,2021,Västra Götaland,189044,0.132326,Minst 1 dos,,,
12,2021,Västra Götaland,71119,0.049781,Färdigvaccinerade,,,
12,2021,Värmland,41001,0.173238,Minst 1 dos,,,
12,2021,Värmland,18613,0.078644,Färdigvaccinerade,,,
12,2021,Örebro,39028,0.155075,Minst 1 dos,,,
12,2021,Örebro,17590,0.069893,Färdigvaccinerade,,,
12,2021,Västmanland,36021,0.157725,Minst 1 dos,,,
12,2021,Västmanland,16399,0.071806,Färdigvaccinerade,,,
12,2021,Dalarna,34407,0.144011,Minst 1 dos,,,
12,2021,Dalarna,15744,0.065897,Färdigvaccinerade,,,
12,2021,Gävleborg,41429,0.172756,Minst 1 dos,,,
12,2021,Gävleborg,19335,0.080626,Färdigvaccinerade,,,
12,2021,Västernorrland,30268,0.148306,Minst 1 dos,,,
12,2021,Västernorrland,14249,0.069817,Färdigvaccinerade,,,
12,2021,Jämtland,18042,0.165594,Minst 1 dos,,,
12,2021,Jämtland,8433,0.077400,Färdigvaccinerade,,,
12,2021,Västerbotten,32778,0.144304,Minst 1 dos,,,
12,2021,Västerbotten,13987,0.061577,Färdigvaccinerade,,,
12,2021,Norrbotten,30075,0.142448,Minst 1 dos,,,
12,2021,Norrbotten,13579,0.064316,Färdigvaccinerade,,,
13,2021,| Sverige |,1340035,0.156885,Minst 1 dos,,,
13,2021,| Sverige |,569106,0.066628,Färdigvaccinerade,,,
13,2021,Stockholm,239254,0.122615,Minst 1 dos,,,
13,2021,Stockholm,99770,0.051131,Färdigvaccinerade,,,
13,2021,Uppsala,41249,0.129149,Minst 1 dos,,,
13,2021,Uppsala,20579,0.064432,Färdigvaccinerade,,,
13,2021,Södermanland,48338,0.197329,Minst 1 dos,,,
13,2021,Södermanland,21717,0.088655,Färdigvaccinerade,,,
13,2021,Östergötland,68722,0.178046,Minst 1 dos,,,
13,2021,Östergötland,27448,0.071113,Färdigvaccinerade,,,
13,2021,Jönköping,52533,0.176192,Minst 1 dos,,,
13,2021,Jönköping,23496,0.078804,Färdigvaccinerade,,,
13,2021,Kronoberg,25892,0.156645,Minst 1 dos,,,
13,2021,Kronoberg,11109,0.067209,Färdigvaccinerade,,,
13,2021,Kalmar,42994,0.209440,Minst 1 dos,,,
13,2021,Kalmar,17471,0.085108,Färdigvaccinerade,,,
13,2021,Gotland,10895,0.214203,Minst 1 dos,,,
13,2021,Gotland,5307,0.104339,Färdigvaccinerade,,,
13,2021,Blekinge,23245,0.175483,Minst 1 dos,,,
13,2021,Blekinge,12318,0.092992,Färdigvaccinerade,,,
13,2021,Skåne,163097,0.143495,Minst 1 dos,,,
13,2021,Skåne,65132,0.057304,Färdigvaccinerade,,,
13,2021,Halland,48003,0.174025,Minst 1 dos,,,
13,2021,Halland,23903,0.086655,Färdigvaccinerade,,,
13,2021,Västra Götaland,214226,0.149952,Minst 1 dos,,,
13,2021,Västra Götaland,84941,0.059456,Färdigvaccinerade,,,
13,2021,Värmland,51538,0.217759,Minst 1 dos,,,
13,2021,Värmland,21278,0.089904,Färdigvaccinerade,,,
13,2021,Örebro,46624,0.185258,Minst 1 dos,,,
13,2021,Örebro,20223,0.080355,Färdigvaccinerade,,,
13,2021,Västmanland,42007,0.183936,Minst 1 dos,,,
13,2021,Västmanland,19697,0.086247,Färdigvaccinerade,,,
13,2021,Dalarna,43458,0.181894,Minst 1 dos,,,
13,2021,Dalarna,16046,0.067161,Färdigvaccinerade,,,
13,2021,Gävleborg,48264,0.201258,Minst 1 dos,,,
13,2021,Gävleborg,21864,0.091171,Färdigvaccinerade,,,
13,2021,Västernorrland,33392,0.163613,Minst 1 dos,,,
13,2021,Västernorrland,17508,0.085785,Färdigvaccinerade,,,
13,2021,Jämtland,21198,0.194561,Minst 1 dos,,,
13,2021,Jämtland,8480,0.077832,Färdigvaccinerade,,,
13,2021,Västerbotten,38431,0.169191,Minst 1 dos,,,
13,2021,Västerbotten,14365,0.063242,Färdigvaccinerade,,,
13,2021,Norrbotten,36675,0.173709,Minst 1 dos,,,
13,2021,Norrbotten,16454,0.077933,Färdigvaccinerade,,,
14,2021,| Sverige |,1591450,0.186320,Minst 1 dos,,,
14,2021,| Sverige |,662301,0.077539,Färdigvaccinerade,,,
14,2021,Stockholm,283805,0.145447,Minst 1 dos,,,
14,2021,Stockholm,119496,0.061240,Färdigvaccinerade,,,
14,2021,Uppsala,51882,0.162440,Minst 1 dos,,,
14,2021,Uppsala,21165,0.066267,Färdigvaccinerade,,,
14,2021,Södermanland,58412,0.238453,Minst 1 dos,,,
14,2021,Södermanland,24851,0.101448,Färdigvaccinerade,,,
14,2021,Östergötland,84229,0.218222,Minst 1 dos,,,
14,2021,Östergötland,29171,0.075577,Färdigvaccinerade,,,
14,2021,Jönköping,67529,0.226488,Minst 1 dos,,,
14,2021,Jönköping,24002,0.080501,Färdigvaccinerade,,,
14,2021,Kronoberg,32401,0.196024,Minst 1 dos,,,
14,2021,Kronoberg,12898,0.078032,Färdigvaccinerade,,,
14,2021,Kalmar,49586,0.241552,Minst 1 dos,,,
14,2021,Kalmar,21479,0.104632,Färdigvaccinerade,,,
14,2021,Gotland,13230,0.260110,Minst 1 dos,,,
14,2021,Gotland,5387,0.105912,Färdigvaccinerade,,,
14,2021,Blekinge,28021,0.211538,Minst 1 dos,,,
14,2021,Blekinge,13324,0.100587,Färdigvaccinerade,,,
14,2021,Skåne,190125,0.167275,Minst 1 dos,,,
14,2021,Skåne,79868,0.070269,Färdigvaccinerade,,,
14,2021,Halland,58094,0.210608,Minst 1 dos,,,
14,2021,Halland,27549,0.099873,Färdigvaccinerade,,,
14,2021,Västra Götaland,244257,0.170973,Minst 1 dos,,,
14,2021,Västra Götaland,106615,0.074628,Färdigvaccinerade,,,
14,2021,Värmland,63236,0.267185,Minst 1 dos,,,
14,2021,Värmland,24627,0.104054,Färdigvaccinerade,,,
14,2021,Örebro,54731,0.217470,Minst 1 dos,,,
14,2021,Örebro,22683,0.090130,Färdigvaccinerade,,,
14,2021,Västmanland,45405,0.198815,Minst 1 dos,,,
14,2021,Västmanland,23197,0.101573,Färdigvaccinerade,,,
14,2021,Dalarna,56193,0.235196,Minst 1 dos,,,
14,2021,Dalarna,16247,0.068002,Färdigvaccinerade,,,
14,2021,Gävleborg,56125,0.234037,Minst 1 dos,,,
14,2021,Gävleborg,25796,0.107568,Färdigvaccinerade,,,
14,2021,Västernorrland,41378,0.202743,Minst 1 dos,,,
14,2021,Västernorrland,20088,0.098427,Färdigvaccinerade,,,
14,2021,Jämtland,24503,0.224895,Minst 1 dos,,,
14,2021,Jämtland,8665,0.079530,Färdigvaccinerade,,,
14,2021,Västerbotten,43834,0.192978,Minst 1 dos,,,
14,2021,Västerbotten,18244,0.080319,Färdigvaccinerade,,,
14,2021,Norrbotten,44474,0.210648,Minst 1 dos,,,
14,2021,Norrbotten,16949,0.080278,Färdigvaccinerade,,,
15,2021,| Sverige |,1999991,0.234150,Minst 1 dos,,,
15,2021,| Sverige |,726968,0.085110,Färdigvaccinerade,,,
15,2021,Stockholm,357047,0.182982,Minst 1 dos,,,
15,2021,Stockholm,127796,0.065494,Färdigvaccinerade,,,
15,2021,Uppsala,63514,0.198860,Minst 1 dos,,,
15,2021,Uppsala,24480,0.076646,Färdigvaccinerade,,,
15,2021,Södermanland,69424,0.283407,Minst 1 dos,,,
15,2021,Södermanland,26445,0.107956,Färdigvaccinerade,,,
15,2021,Östergötland,106166,0.275057,Minst 1 dos,,,
15,2021,Östergötland,31624,0.081932,Färdigvaccinerade,,,
15,2021,Jönköping,83044,0.278524,Minst 1 dos,,,
15,2021,Jönköping,25258,0.084714,Färdigvaccinerade,,,
15,2021,Kronoberg,43694,0.264346,Minst 1 dos,,,
15,2021,Kronoberg,13635,0.082491,Färdigvaccinerade,,,
15,2021,Kalmar,62984,0.306818,Minst 1 dos,,,
15,2021,Kalmar,24352,0.118628,Färdigvaccinerade,,,
15,2021,Gotland,15444,0.303639,Minst 1 dos,,,
15,2021,Gotland,5454,0.107229,Färdigvaccinerade,,,
15,2021,Blekinge,35146,0.265327,Minst 1 dos,,,
15,2021,Blekinge,13493,0.101862,Färdigvaccinerade,,,
15,2021,Skåne,237781,0.209203,Minst 1 dos,,,
15,2021,Skåne,95850,0.084330,Färdigvaccinerade,,,
15,2021,Halland,72742,0.263711,Minst 1 dos,,,
15,2021,Halland,27970,0.101399,Färdigvaccinerade,,,
15,2021,Västra Götaland,305600,0.213912,Minst 1 dos,,,
15,2021,Västra Götaland,121766,0.085233,Färdigvaccinerade,,,
15,2021,Värmland,78133,0.330128,Minst 1 dos,,,
15,2021,Värmland,25030,0.105757,Färdigvaccinerade,,,
15,2021,Örebro,64887,0.257825,Minst 1 dos,,,
15,2021,Örebro,24870,0.098819,Färdigvaccinerade,,,
15,2021,Västmanland,60576,0.265244,Minst 1 dos,,,
15,2021,Västmanland,23580,0.103250,Färdigvaccinerade,,,
15,2021,Dalarna,72357,0.302850,Minst 1 dos,,,
15,2021,Dalarna,16539,0.069224,Färdigvaccinerade,,,
15,2021,Gävleborg,68684,0.286408,Minst 1 dos,,,
15,2021,Gävleborg,29295,0.122158,Färdigvaccinerade,,,
15,2021,Västernorrland,57085,0.279704,Minst 1 dos,,,
15,2021,Västernorrland,21045,0.103116,Färdigvaccinerade,,,
15,2021,Jämtland,32016,0.293851,Minst 1 dos,,,
15,2021,Jämtland,8804,0.080805,Färdigvaccinerade,,,
15,2021,Västerbotten,55722,0.245315,Minst 1 dos,,,
15,2021,Västerbotten,21864,0.096256,Färdigvaccinerade,,,
15,2021,Norrbotten,57945,0.274453,Minst 1 dos,,,
15,2021,Norrbotten,17818,0.084394,Färdigvaccinerade,,,
16,2021,| Sverige |,2402498,0.281274,Minst 1 dos,,,
16,2021,| Sverige |,764150,0.089463,Färdigvaccinerade,,,
16,2021,Stockholm,434533,0.222693,Minst 1 dos,,,
16,2021,Stockholm,133035,0.068179,Färdigvaccinerade,,,
16,2021,Uppsala,74617,0.233623,Minst 1 dos,,,
16,2021,Uppsala,28471,0.089142,Färdigvaccinerade,,,
16,2021,Södermanland,79854,0.325985,Minst 1 dos,,,
16,2021,Södermanland,27423,0.111948,Färdigvaccinerade,,,
16,2021,Östergötland,124278,0.321982,Minst 1 dos,,,
16,2021,Östergötland,35120,0.090990,Färdigvaccinerade,,,
16,2021,Jönköping,94025,0.315354,Minst 1 dos,,,
16,2021,Jönköping,27855,0.093424,Färdigvaccinerade,,,
16,2021,Kronoberg,51373,0.310803,Minst 1 dos,,,
16,2021,Kronoberg,13984,0.084602,Färdigvaccinerade,,,
16,2021,Kalmar,77264,0.376382,Minst 1 dos,,,
16,2021,Kalmar,24815,0.120883,Färdigvaccinerade,,,
16,2021,Gotland,16702,0.328372,Minst 1 dos,,,
16,2021,Gotland,6806,0.133810,Färdigvaccinerade,,,
16,2021,Blekinge,42039,0.317364,Minst 1 dos,,,
16,2021,Blekinge,13710,0.103501,Färdigvaccinerade,,,
16,2021,Skåne,297174,0.261458,Minst 1 dos,,,
16,2021,Skåne,98510,0.086671,Färdigvaccinerade,,,
16,2021,Halland,85755,0.310887,Minst 1 dos,,,
16,2021,Halland,28169,0.102121,Färdigvaccinerade,,,
16,2021,Västra Götaland,373918,0.261732,Minst 1 dos,,,
16,2021,Västra Götaland,124856,0.087396,Färdigvaccinerade,,,
16,2021,Värmland,90179,0.381025,Minst 1 dos,,,
16,2021,Värmland,25162,0.106315,Färdigvaccinerade,,,
16,2021,Örebro,77646,0.308522,Minst 1 dos,,,
16,2021,Örebro,28137,0.111801,Färdigvaccinerade,,,
16,2021,Västmanland,73401,0.321401,Minst 1 dos,,,
16,2021,Västmanland,23982,0.105010,Färdigvaccinerade,,,
16,2021,Dalarna,85096,0.356169,Minst 1 dos,,,
16,2021,Dalarna,19020,0.079608,Färdigvaccinerade,,,
16,2021,Gävleborg,80102,0.334020,Minst 1 dos,,,
16,2021,Gävleborg,32224,0.134372,Färdigvaccinerade,,,
16,2021,Västernorrland,69285,0.339481,Minst 1 dos,,,
16,2021,Västernorrland,21283,0.104282,Färdigvaccinerade,,,
16,2021,Jämtland,36281,0.332997,Minst 1 dos,,,
16,2021,Jämtland,10765,0.098804,Färdigvaccinerade,,,
16,2021,Västerbotten,67414,0.296788,Minst 1 dos,,,
16,2021,Västerbotten,22882,0.100737,Färdigvaccinerade,,,
16,2021,Norrbotten,71562,0.338949,Minst 1 dos,,,
16,2021,Norrbotten,17941,0.084976,Färdigvaccinerade,,,
17,2021,| Sverige |,2773988,0.324766,Minst 1 dos,,,
17,2021,| Sverige |,791084,0.092617,Färdigvaccinerade,,,
17,2021,Stockholm,514114,0.263477,Minst 1 dos,,,
17,2021,Stockholm,136005,0.069701,Färdigvaccinerade,,,
17,2021,Uppsala,92594,0.289908,Minst 1 dos,,,
17,2021,Uppsala,28773,0.090087,Färdigvaccinerade,,,
17,2021,Södermanland,93298,0.380867,Minst 1 dos,,,
17,2021,Södermanland,30435,0.124244,Färdigvaccinerade,,,
17,2021,Östergötland,142131,0.368236,Minst 1 dos,,,
17,2021,Östergötland,39341,0.101925,Färdigvaccinerade,,,
17,2021,Jönköping,107285,0.359827,Minst 1 dos,,,
17,2021,Jönköping,30627,0.102721,Färdigvaccinerade,,,
17,2021,Kronoberg,57336,0.346879,Minst 1 dos,,,
17,2021,Kronoberg,14249,0.086206,Färdigvaccinerade,,,
17,2021,Kalmar,88044,0.428895,Minst 1 dos,,,
17,2021,Kalmar,25141,0.122471,Färdigvaccinerade,,,
17,2021,Gotland,17861,0.351159,Minst 1 dos,,,
17,2021,Gotland,7977,0.156833,Färdigvaccinerade,,,
17,2021,Blekinge,46957,0.354491,Minst 1 dos,,,
17,2021,Blekinge,13822,0.104346,Färdigvaccinerade,,,
17,2021,Skåne,343349,0.302083,Minst 1 dos,,,
17,2021,Skåne,99274,0.087343,Färdigvaccinerade,,,
17,2021,Halland,94780,0.343605,Minst 1 dos,,,
17,2021,Halland,28299,0.102592,Färdigvaccinerade,,,
17,2021,Västra Götaland,436603,0.305610,Minst 1 dos,,,
17,2021,Västra Götaland,126703,0.088689,Färdigvaccinerade,,,
17,2021,Värmland,101483,0.428786,Minst 1 dos,,,
17,2021,Värmland,25471,0.107620,Färdigvaccinerade,,,
17,2021,Örebro,86094,0.342089,Minst 1 dos,,,
17,2021,Örebro,30652,0.121794,Färdigvaccinerade,,,
17,2021,Västmanland,84301,0.369129,Minst 1 dos,,,
17,2021,Västmanland,24090,0.105483,Färdigvaccinerade,,,
17,2021,Dalarna,95059,0.397870,Minst 1 dos,,,
17,2021,Dalarna,22150,0.092709,Färdigvaccinerade,,,
17,2021,Gävleborg,93316,0.389121,Minst 1 dos,,,
17,2021,Gävleborg,32874,0.137082,Färdigvaccinerade,,,
17,2021,Västernorrland,78829,0.386244,Minst 1 dos,,,
17,2021,Västernorrland,21476,0.105228,Färdigvaccinerade,,,
17,2021,Jämtland,40634,0.372950,Minst 1 dos,,,
17,2021,Jämtland,12208,0.112048,Färdigvaccinerade,,,
17,2021,Västerbotten,78338,0.344881,Minst 1 dos,,,
17,2021,Västerbotten,23367,0.102873,Färdigvaccinerade,,,
17,2021,Norrbotten,81582,0.386408,Minst 1 dos,,,
17,2021,Norrbotten,18150,0.085966,Färdigvaccinerade,,,
18,2021,| Sverige |,3116794,0.364900,Minst 1 dos,,,
18,2021,| Sverige |,905517,0.106014,Färdigvaccinerade,,,
18,2021,Stockholm,594972,0.304916,Minst 1 dos,,,
18,2021,Stockholm,157088,0.080506,Färdigvaccinerade,,,
18,2021,Uppsala,107149,0.335479,Minst 1 dos,,,
18,2021,Uppsala,29257,0.091602,Färdigvaccinerade,,,
18,2021,Södermanland,99860,0.407655,Minst 1 dos,,,
18,2021,Södermanland,32949,0.134507,Färdigvaccinerade,,,
18,2021,Östergötland,157205,0.407290,Minst 1 dos,,,
18,2021,Östergötland,47065,0.121937,Färdigvaccinerade,,,
18,2021,Jönköping,116967,0.392300,Minst 1 dos,,,
18,2021,Jönköping,33641,0.112830,Färdigvaccinerade,,,
18,2021,Kronoberg,62717,0.379434,Minst 1 dos,,,
18,2021,Kronoberg,17285,0.104573,Färdigvaccinerade,,,
18,2021,Kalmar,96451,0.469849,Minst 1 dos,,,
18,2021,Kalmar,30173,0.146984,Färdigvaccinerade,,,
18,2021,Gotland,19531,0.383992,Minst 1 dos,,,
18,2021,Gotland,8537,0.167843,Färdigvaccinerade,,,
18,2021,Blekinge,51733,0.390547,Minst 1 dos,,,
18,2021,Blekinge,14882,0.112348,Färdigvaccinerade,,,
18,2021,Skåne,386011,0.339618,Minst 1 dos,,,
18,2021,Skåne,115805,0.101887,Färdigvaccinerade,,,
18,2021,Halland,102742,0.372470,Minst 1 dos,,,
18,2021,Halland,35364,0.128205,Färdigvaccinerade,,,
18,2021,Västra Götaland,495816,0.347057,Minst 1 dos,,,
18,2021,Västra Götaland,144029,0.100816,Färdigvaccinerade,,,
18,2021,Värmland,109595,0.463061,Minst 1 dos,,,
18,2021,Värmland,30394,0.128421,Färdigvaccinerade,,,
18,2021,Örebro,98107,0.389822,Minst 1 dos,,,
18,2021,Örebro,33445,0.132892,Färdigvaccinerade,,,
18,2021,Västmanland,95747,0.419248,Minst 1 dos,,,
18,2021,Västmanland,27580,0.120765,Färdigvaccinerade,,,
18,2021,Dalarna,105448,0.441353,Minst 1 dos,,,
18,2021,Dalarna,26106,0.109267,Färdigvaccinerade,,,
18,2021,Gävleborg,105585,0.440282,Minst 1 dos,,,
18,2021,Gävleborg,34319,0.143108,Färdigvaccinerade,,,
18,2021,Västernorrland,89193,0.437026,Minst 1 dos,,,
18,2021,Västernorrland,22357,0.109544,Färdigvaccinerade,,,
18,2021,Jämtland,46270,0.424679,Minst 1 dos,,,
18,2021,Jämtland,14591,0.133920,Färdigvaccinerade,,,
18,2021,Västerbotten,86647,0.381461,Minst 1 dos,,,
18,2021,Västerbotten,28099,0.123705,Färdigvaccinerade,,,
18,2021,Norrbotten,89048,0.421771,Minst 1 dos,,,
18,2021,Norrbotten,22551,0.106811,Färdigvaccinerade,,,
19,2021,| Sverige |,3395447,0.397524,Minst 1 dos,,,
19,2021,| Sverige |,1051937,0.123156,Färdigvaccinerade,,,
19,2021,Stockholm,672359,0.344576,Minst 1 dos,,,
19,2021,Stockholm,181411,0.092971,Färdigvaccinerade,,,
19,2021,Uppsala,120185,0.376294,Minst 1 dos,,,
19,2021,Uppsala,33454,0.104743,Färdigvaccinerade,,,
19,2021,Södermanland,108131,0.441419,Minst 1 dos,,,
19,2021,Södermanland,35308,0.144137,Färdigvaccinerade,,,
19,2021,Östergötland,167143,0.433038,Minst 1 dos,,,
19,2021,Östergötland,57437,0.148809,Färdigvaccinerade,,,
19,2021,Jönköping,123121,0.412940,Minst 1 dos,,,
19,2021,Jönköping,42925,0.143968,Färdigvaccinerade,,,
19,2021,Kronoberg,67861,0.410555,Minst 1 dos,,,
19,2021,Kronoberg,20542,0.124278,Färdigvaccinerade,,,
19,2021,Kalmar,100993,0.491974,Minst 1 dos,,,
19,2021,Kalmar,35919,0.174975,Färdigvaccinerade,,,
19,2021,Gotland,20910,0.411104,Minst 1 dos,,,
19,2021,Gotland,9337,0.183572,Färdigvaccinerade,,,
19,2021,Blekinge,56663,0.427765,Minst 1 dos,,,
19,2021,Blekinge,17554,0.132520,Färdigvaccinerade,,,
19,2021,Skåne,416198,0.366177,Minst 1 dos,,,
19,2021,Skåne,138748,0.122073,Färdigvaccinerade,,,
19,2021,Halland,111678,0.404865,Minst 1 dos,,,
19,2021,Halland,37592,0.136282,Färdigvaccinerade,,,
19,2021,Västra Götaland,544557,0.381175,Minst 1 dos,,,
19,2021,Västra Götaland,159786,0.111846,Färdigvaccinerade,,,
19,2021,Värmland,115363,0.487432,Minst 1 dos,,,
19,2021,Värmland,36282,0.153299,Färdigvaccinerade,,,
19,2021,Örebro,105786,0.420334,Minst 1 dos,,,
19,2021,Örebro,39414,0.156609,Färdigvaccinerade,,,
19,2021,Västmanland,104340,0.456874,Minst 1 dos,,,
19,2021,Västmanland,31470,0.137798,Färdigvaccinerade,,,
19,2021,Dalarna,111322,0.465938,Minst 1 dos,,,
19,2021,Dalarna,34947,0.146271,Färdigvaccinerade,,,
19,2021,Gävleborg,116585,0.486152,Minst 1 dos,,,
19,2021,Gävleborg,36773,0.153341,Färdigvaccinerade,,,
19,2021,Västernorrland,94891,0.464945,Minst 1 dos,,,
19,2021,Västernorrland,26137,0.128065,Färdigvaccinerade,,,
19,2021,Jämtland,49198,0.451553,Minst 1 dos,,,
19,2021,Jämtland,17412,0.159812,Färdigvaccinerade,,,
19,2021,Västerbotten,94706,0.416941,Minst 1 dos,,,
19,2021,Västerbotten,30963,0.136314,Färdigvaccinerade,,,
19,2021,Norrbotten,93457,0.442654,Minst 1 dos,,,
19,2021,Norrbotten,28526,0.135112,Färdigvaccinerade,,,
20,2021,| Sverige |,3645888,0.426844,Minst 1 dos,,,
20,2021,| Sverige |,1254201,0.146836,Färdigvaccinerade,,,
20,2021,Stockholm,746277,0.382458,Minst 1 dos,,,
20,2021,Stockholm,212566,0.108937,Färdigvaccinerade,,,
20,2021,Uppsala,129567,0.405669,Minst 1 dos,,,
20,2021,Uppsala,42516,0.133116,Färdigvaccinerade,,,
20,2021,Södermanland,113408,0.462962,Minst 1 dos,,,
20,2021,Södermanland,45981,0.187707,Färdigvaccinerade,,,
20,2021,Östergötland,175791,0.455443,Minst 1 dos,,,
20,2021,Östergötland,71339,0.184827,Färdigvaccinerade,,,
20,2021,Jönköping,126734,0.425058,Minst 1 dos,,,
20,2021,Jönköping,56842,0.190645,Färdigvaccinerade,,,
20,2021,Kronoberg,72199,0.436799,Minst 1 dos,,,
20,2021,Kronoberg,25236,0.152676,Färdigvaccinerade,,,
20,2021,Kalmar,104602,0.509555,Minst 1 dos,,,
20,2021,Kalmar,43690,0.212830,Färdigvaccinerade,,,
20,2021,Gotland,22468,0.441736,Minst 1 dos,,,
20,2021,Gotland,11097,0.218174,Färdigvaccinerade,,,
20,2021,Blekinge,61129,0.461480,Minst 1 dos,,,
20,2021,Blekinge,23181,0.175000,Färdigvaccinerade,,,
20,2021,Skåne,458246,0.403172,Minst 1 dos,,,
20,2021,Skåne,153995,0.135487,Färdigvaccinerade,,,
20,2021,Halland,118613,0.430007,Minst 1 dos,,,
20,2021,Halland,46364,0.168083,Färdigvaccinerade,,,
20,2021,Västra Götaland,587986,0.411574,Minst 1 dos,,,
20,2021,Västra Götaland,178747,0.125118,Färdigvaccinerade,,,
20,2021,Värmland,117196,0.495177,Minst 1 dos,,,
20,2021,Värmland,49459,0.208974,Färdigvaccinerade,,,
20,2021,Örebro,113150,0.449595,Minst 1 dos,,,
20,2021,Örebro,45220,0.179679,Färdigvaccinerade,,,
20,2021,Västmanland,109064,0.477559,Minst 1 dos,,,
20,2021,Västmanland,34675,0.151832,Färdigvaccinerade,,,
20,2021,Dalarna,115579,0.483756,Minst 1 dos,,,
20,2021,Dalarna,45693,0.191248,Färdigvaccinerade,,,
20,2021,Gävleborg,123515,0.515049,Minst 1 dos,,,
20,2021,Gävleborg,43832,0.182777,Färdigvaccinerade,,,
20,2021,Västernorrland,96975,0.475156,Minst 1 dos,,,
20,2021,Västernorrland,32581,0.159640,Färdigvaccinerade,,,
20,2021,Jämtland,52608,0.482850,Minst 1 dos,,,
20,2021,Jämtland,20698,0.189972,Färdigvaccinerade,,,
20,2021,Västerbotten,101708,0.447767,Minst 1 dos,,,
20,2021,Västerbotten,34983,0.154012,Färdigvaccinerade,,,
20,2021,Norrbotten,99073,0.469253,Minst 1 dos,,,
20,2021,Norrbotten,35506,0.168172,Färdigvaccinerade,,,
21,2021,| Sverige |,3842366,0.449847,Minst 1 dos,,,
21,2021,| Sverige |,1541129,0.180428,Färdigvaccinerade,,,
21,2021,Stockholm,812159,0.416222,Minst 1 dos,,,
21,2021,Stockholm,262288,0.134419,Färdigvaccinerade,,,
21,2021,Uppsala,141215,0.442138,Minst 1 dos,,,
21,2021,Uppsala,51266,0.160512,Färdigvaccinerade,,,
21,2021,Södermanland,121137,0.494513,Minst 1 dos,,,
21,2021,Södermanland,56496,0.230632,Färdigvaccinerade,,,
21,2021,Östergötland,183156,0.474524,Minst 1 dos,,,
21,2021,Östergötland,83475,0.216269,Färdigvaccinerade,,,
21,2021,Jönköping,130636,0.438145,Minst 1 dos,,,
21,2021,Jönköping,69008,0.231449,Färdigvaccinerade,,,
21,2021,Kronoberg,73944,0.447356,Minst 1 dos,,,
21,2021,Kronoberg,32136,0.194421,Färdigvaccinerade,,,
21,2021,Kalmar,107456,0.523458,Minst 1 dos,,,
21,2021,Kalmar,50709,0.247022,Färdigvaccinerade,,,
21,2021,Gotland,23266,0.457425,Minst 1 dos,,,
21,2021,Gotland,12777,0.251204,Färdigvaccinerade,,,
21,2021,Blekinge,66319,0.500661,Minst 1 dos,,,
21,2021,Blekinge,28793,0.217366,Färdigvaccinerade,,,
21,2021,Skåne,482584,0.424584,Minst 1 dos,,,
21,2021,Skåne,187767,0.165200,Färdigvaccinerade,,,
21,2021,Halland,125865,0.456297,Minst 1 dos,,,
21,2021,Halland,56855,0.206116,Färdigvaccinerade,,,
21,2021,Västra Götaland,613909,0.429719,Minst 1 dos,,,
21,2021,Västra Götaland,226855,0.158792,Färdigvaccinerade,,,
21,2021,Värmland,121212,0.512145,Minst 1 dos,,,
21,2021,Värmland,57590,0.243329,Färdigvaccinerade,,,
21,2021,Örebro,120349,0.478200,Minst 1 dos,,,
21,2021,Örebro,53497,0.212567,Färdigvaccinerade,,,
21,2021,Västmanland,111273,0.487232,Minst 1 dos,,,
21,2021,Västmanland,46247,0.202502,Färdigvaccinerade,,,
21,2021,Dalarna,121687,0.509321,Minst 1 dos,,,
21,2021,Dalarna,55672,0.233015,Färdigvaccinerade,,,
21,2021,Gävleborg,126829,0.528868,Minst 1 dos,,,
21,2021,Gävleborg,53662,0.223767,Färdigvaccinerade,,,
21,2021,Västernorrland,98985,0.485004,Minst 1 dos,,,
21,2021,Västernorrland,43054,0.210955,Färdigvaccinerade,,,
21,2021,Jämtland,53670,0.492598,Minst 1 dos,,,
21,2021,Jämtland,26262,0.241040,Färdigvaccinerade,,,
21,2021,Västerbotten,106754,0.469982,Minst 1 dos,,,
21,2021,Västerbotten,41814,0.184085,Färdigvaccinerade,,,
21,2021,Norrbotten,99961,0.473459,Minst 1 dos,,,
21,2021,Norrbotten,44906,0.212695,Färdigvaccinerade,,,
22,2021,| Sverige |,4059147,0.475227,Minst 1 dos,,,
22,2021,| Sverige |,1907825,0.223360,Färdigvaccinerade,,,
22,2021,Stockholm,872597,0.447195,Minst 1 dos,,,
22,2021,Stockholm,336601,0.172504,Färdigvaccinerade,,,
22,2021,Uppsala,163569,0.512128,Minst 1 dos,,,
22,2021,Uppsala,61294,0.191909,Färdigvaccinerade,,,
22,2021,Södermanland,128700,0.525388,Minst 1 dos,,,
22,2021,Södermanland,69512,0.283766,Färdigvaccinerade,,,
22,2021,Östergötland,192231,0.498036,Minst 1 dos,,,
22,2021,Östergötland,102583,0.265774,Färdigvaccinerade,,,
22,2021,Jönköping,140406,0.470913,Minst 1 dos,,,
22,2021,Jönköping,79488,0.266598,Färdigvaccinerade,,,
22,2021,Kronoberg,75405,0.456195,Minst 1 dos,,,
22,2021,Kronoberg,39578,0.239444,Färdigvaccinerade,,,
22,2021,Kalmar,111385,0.542598,Minst 1 dos,,,
22,2021,Kalmar,63290,0.308309,Färdigvaccinerade,,,
22,2021,Gotland,24934,0.490219,Minst 1 dos,,,
22,2021,Gotland,13310,0.261683,Färdigvaccinerade,,,
22,2021,Blekinge,70986,0.535893,Minst 1 dos,,,
22,2021,Blekinge,32839,0.247911,Färdigvaccinerade,,,
22,2021,Skåne,505013,0.444318,Minst 1 dos,,,
22,2021,Skåne,229988,0.202347,Färdigvaccinerade,,,
22,2021,Halland,133871,0.485321,Minst 1 dos,,,
22,2021,Halland,68188,0.247201,Färdigvaccinerade,,,
22,2021,Västra Götaland,635834,0.445066,Minst 1 dos,,,
22,2021,Västra Götaland,285651,0.199948,Färdigvaccinerade,,,
22,2021,Värmland,126887,0.536123,Minst 1 dos,,,
22,2021,Värmland,76487,0.323173,Färdigvaccinerade,,,
22,2021,Örebro,126416,0.502307,Minst 1 dos,,,
22,2021,Örebro,66199,0.263038,Färdigvaccinerade,,,
22,2021,Västmanland,116890,0.511827,Minst 1 dos,,,
22,2021,Västmanland,58868,0.257766,Färdigvaccinerade,,,
22,2021,Dalarna,126077,0.527695,Minst 1 dos,,,
22,2021,Dalarna,67418,0.282178,Färdigvaccinerade,,,
22,2021,Gävleborg,135961,0.566948,Minst 1 dos,,,
22,2021,Gävleborg,63627,0.265320,Färdigvaccinerade,,,
22,2021,Västernorrland,102190,0.500708,Minst 1 dos,,,
22,2021,Västernorrland,55496,0.271918,Färdigvaccinerade,,,
22,2021,Jämtland,57162,0.524648,Minst 1 dos,,,
22,2021,Jämtland,28342,0.260131,Färdigvaccinerade,,,
22,2021,Västerbotten,111621,0.491409,Minst 1 dos,,,
22,2021,Västerbotten,51613,0.227225,Färdigvaccinerade,,,
22,2021,Norrbotten,101012,0.478437,Minst 1 dos,,,
22,2021,Norrbotten,57453,0.272123,Färdigvaccinerade,,,
23,2021,| Sverige |,4328785,0.506795,Minst 1 dos,,,
23,2021,| Sverige |,2316125,0.271161,Färdigvaccinerade,,,
23,2021,Stockholm,945194,0.484400,Minst 1 dos,,,
23,2021,Stockholm,425772,0.218203,Färdigvaccinerade,,,
23,2021,Uppsala,175965,0.550939,Minst 1 dos,,,
23,2021,Uppsala,79000,0.247346,Färdigvaccinerade,,,
23,2021,Södermanland,137371,0.560785,Minst 1 dos,,,
23,2021,Södermanland,85021,0.347078,Färdigvaccinerade,,,
23,2021,Östergötland,203047,0.526058,Minst 1 dos,,,
23,2021,Östergötland,122416,0.317158,Färdigvaccinerade,,,
23,2021,Jönköping,148385,0.497674,Minst 1 dos,,,
23,2021,Jönköping,94945,0.318440,Färdigvaccinerade,,,
23,2021,Kronoberg,80619,0.487740,Minst 1 dos,,,
23,2021,Kronoberg,48195,0.291577,Färdigvaccinerade,,,
23,2021,Kalmar,114952,0.559974,Minst 1 dos,,,
23,2021,Kalmar,74486,0.362849,Färdigvaccinerade,,,
23,2021,Gotland,27123,0.533256,Minst 1 dos,,,
23,2021,Gotland,14742,0.289837,Färdigvaccinerade,,,
23,2021,Blekinge,76070,0.574274,Minst 1 dos,,,
23,2021,Blekinge,37230,0.281060,Färdigvaccinerade,,,
23,2021,Skåne,541538,0.476453,Minst 1 dos,,,
23,2021,Skåne,275233,0.242154,Färdigvaccinerade,,,
23,2021,Halland,143062,0.518641,Minst 1 dos,,,
23,2021,Halland,81729,0.296291,Färdigvaccinerade,,,
23,2021,Västra Götaland,673613,0.471510,Minst 1 dos,,,
23,2021,Västra Götaland,348787,0.244141,Färdigvaccinerade,,,
23,2021,Värmland,131699,0.556455,Minst 1 dos,,,
23,2021,Värmland,90444,0.382144,Färdigvaccinerade,,,
23,2021,Örebro,138656,0.550942,Minst 1 dos,,,
23,2021,Örebro,77446,0.307727,Färdigvaccinerade,,,
23,2021,Västmanland,121047,0.530029,Minst 1 dos,,,
23,2021,Västmanland,70441,0.308440,Färdigvaccinerade,,,
23,2021,Dalarna,133303,0.557940,Minst 1 dos,,,
23,2021,Dalarna,79582,0.333091,Färdigvaccinerade,,,
23,2021,Gävleborg,141830,0.591422,Minst 1 dos,,,
23,2021,Gävleborg,75348,0.314196,Färdigvaccinerade,,,
23,2021,Västernorrland,109590,0.536966,Minst 1 dos,,,
23,2021,Västernorrland,68867,0.337433,Färdigvaccinerade,,,
23,2021,Jämtland,60099,0.551605,Minst 1 dos,,,
23,2021,Jämtland,33364,0.306224,Färdigvaccinerade,,,
23,2021,Västerbotten,118181,0.520289,Minst 1 dos,,,
23,2021,Västerbotten,63590,0.279953,Färdigvaccinerade,,,
23,2021,Norrbotten,107441,0.508888,Minst 1 dos,,,
23,2021,Norrbotten,69487,0.329121,Färdigvaccinerade,,,
24,2021,| Sverige |,4628839,0.541924,Minst 1 dos,,,
24,2021,| Sverige |,2783751,0.325909,Färdigvaccinerade,,,
24,2021,Stockholm,1020647,0.523069,Minst 1 dos,,,
24,2021,Stockholm,539719,0.276599,Färdigvaccinerade,,,
24,2021,Uppsala,188261,0.589437,Minst 1 dos,,,
24,2021,Uppsala,95945,0.300400,Färdigvaccinerade,,,
24,2021,Södermanland,148000,0.604175,Minst 1 dos,,,
24,2021,Södermanland,94222,0.384639,Färdigvaccinerade,,,
24,2021,Östergötland,218405,0.565848,Minst 1 dos,,,
24,2021,Östergötland,141125,0.365630,Färdigvaccinerade,,,
24,2021,Jönköping,157428,0.528004,Minst 1 dos,,,
24,2021,Jönköping,108939,0.365375,Färdigvaccinerade,,,
24,2021,Kronoberg,86133,0.521099,Minst 1 dos,,,
24,2021,Kronoberg,58385,0.353226,Färdigvaccinerade,,,
24,2021,Kalmar,120231,0.585690,Minst 1 dos,,,
24,2021,Kalmar,84317,0.410739,Färdigvaccinerade,,,
24,2021,Gotland,28270,0.555807,Minst 1 dos,,,
24,2021,Gotland,17555,0.345143,Färdigvaccinerade,,,
24,2021,Blekinge,80167,0.605203,Minst 1 dos,,,
24,2021,Blekinge,43428,0.327850,Färdigvaccinerade,,,
24,2021,Skåne,584615,0.514353,Minst 1 dos,,,
24,2021,Skåne,338099,0.297464,Färdigvaccinerade,,,
24,2021,Halland,158526,0.574703,Minst 1 dos,,,
24,2021,Halland,93370,0.338493,Färdigvaccinerade,,,
24,2021,Västra Götaland,715610,0.500907,Minst 1 dos,,,
24,2021,Västra Götaland,420746,0.294511,Färdigvaccinerade,,,
24,2021,Värmland,139908,0.591140,Minst 1 dos,,,
24,2021,Värmland,105896,0.447432,Färdigvaccinerade,,,
24,2021,Örebro,147534,0.586218,Minst 1 dos,,,
24,2021,Örebro,91344,0.362950,Färdigvaccinerade,,,
24,2021,Västmanland,128057,0.560724,Minst 1 dos,,,
24,2021,Västmanland,84235,0.368840,Färdigvaccinerade,,,
24,2021,Dalarna,141299,0.591407,Minst 1 dos,,,
24,2021,Dalarna,94706,0.396392,Färdigvaccinerade,,,
24,2021,Gävleborg,148700,0.620069,Minst 1 dos,,,
24,2021,Gävleborg,87937,0.366691,Färdigvaccinerade,,,
24,2021,Västernorrland,113717,0.557188,Minst 1 dos,,,
24,2021,Västernorrland,84864,0.415815,Färdigvaccinerade,,,
24,2021,Jämtland,62336,0.572137,Minst 1 dos,,,
24,2021,Jämtland,39686,0.364249,Färdigvaccinerade,,,
24,2021,Västerbotten,125281,0.551546,Minst 1 dos,,,
24,2021,Västerbotten,77714,0.342134,Färdigvaccinerade,,,
24,2021,Norrbotten,115714,0.548073,Minst 1 dos,,,
24,2021,Norrbotten,81519,0.386110,Färdigvaccinerade,,,
25,2021,| Sverige |,4917412,0.575708,Minst 1 dos,,,
25,2021,| Sverige |,3129990,0.366445,Färdigvaccinerade,,,
25,2021,Stockholm,1071230,0.548992,Minst 1 dos,,,
25,2021,Stockholm,606438,0.310792,Färdigvaccinerade,,,
25,2021,Uppsala,205839,0.644473,Minst 1 dos,,,
25,2021,Uppsala,110086,0.344675,Färdigvaccinerade,,,
25,2021,Södermanland,156693,0.639662,Minst 1 dos,,,
25,2021,Södermanland,100894,0.411876,Färdigvaccinerade,,,
25,2021,Östergötland,230066,0.596060,Minst 1 dos,,,
25,2021,Östergötland,160800,0.416604,Färdigvaccinerade,,,
25,2021,Jönköping,175699,0.589283,Minst 1 dos,,,
25,2021,Jönköping,118214,0.396482,Färdigvaccinerade,,,
25,2021,Kronoberg,90824,0.549479,Minst 1 dos,,,
25,2021,Kronoberg,66306,0.401147,Färdigvaccinerade,,,
25,2021,Kalmar,128423,0.625596,Minst 1 dos,,,
25,2021,Kalmar,94681,0.461226,Färdigvaccinerade,,,
25,2021,Gotland,30484,0.599335,Minst 1 dos,,,
25,2021,Gotland,19637,0.386076,Färdigvaccinerade,,,
25,2021,Blekinge,84705,0.639462,Minst 1 dos,,,
25,2021,Blekinge,50988,0.384923,Färdigvaccinerade,,,
25,2021,Skåne,620998,0.546363,Minst 1 dos,,,
25,2021,Skåne,383653,0.337544,Färdigvaccinerade,,,
25,2021,Halland,170360,0.617604,Minst 1 dos,,,
25,2021,Halland,106705,0.386837,Färdigvaccinerade,,,
25,2021,Västra Götaland,760092,0.532043,Minst 1 dos,,,
25,2021,Västra Götaland,482114,0.337466,Färdigvaccinerade,,,
25,2021,Värmland,151357,0.639514,Minst 1 dos,,,
25,2021,Värmland,112476,0.475234,Färdigvaccinerade,,,
25,2021,Örebro,156089,0.620211,Minst 1 dos,,,
25,2021,Örebro,101141,0.401878,Färdigvaccinerade,,,
25,2021,Västmanland,133880,0.586221,Minst 1 dos,,,
25,2021,Västmanland,97168,0.425470,Färdigvaccinerade,,,
25,2021,Dalarna,150613,0.630391,Minst 1 dos,,,
25,2021,Dalarna,102694,0.429826,Färdigvaccinerade,,,
25,2021,Gävleborg,157243,0.655693,Minst 1 dos,,,
25,2021,Gävleborg,99897,0.416564,Färdigvaccinerade,,,
25,2021,Västernorrland,120240,0.589149,Minst 1 dos,,,
25,2021,Västernorrland,91569,0.448668,Färdigvaccinerade,,,
25,2021,Jämtland,66398,0.609419,Minst 1 dos,,,
25,2021,Jämtland,45263,0.415436,Färdigvaccinerade,,,
25,2021,Västerbotten,131763,0.580083,Minst 1 dos,,,
25,2021,Västerbotten,90029,0.396350,Färdigvaccinerade,,,
25,2021,Norrbotten,124416,0.589289,Minst 1 dos,,,
25,2021,Norrbotten,89237,0.422666,Färdigvaccinerade,,,
26,2021,| Sverige |,5326492,0.623602,Minst 1 dos,,,
26,2021,| Sverige |,3451165,0.404047,Färdigvaccinerade,,,
26,2021,Stockholm,1137478,0.582944,Minst 1 dos,,,
26,2021,Stockholm,688045,0.352615,Färdigvaccinerade,,,
26,2021,Uppsala,225830,0.707064,Minst 1 dos,,,
26,2021,Uppsala,120301,0.376657,Färdigvaccinerade,,,
26,2021,Södermanland,165421,0.675292,Minst 1 dos,,,
26,2021,Södermanland,106146,0.433316,Färdigvaccinerade,,,
26,2021,Östergötland,254707,0.659900,Minst 1 dos,,,
26,2021,Östergötland,167914,0.435035,Färdigvaccinerade,,,
26,2021,Jönköping,194229,0.651432,Minst 1 dos,,,
26,2021,Jönköping,123230,0.413306,Färdigvaccinerade,,,
26,2021,Kronoberg,95849,0.579880,Minst 1 dos,,,
26,2021,Kronoberg,70712,0.427803,Färdigvaccinerade,,,
26,2021,Kalmar,140850,0.686133,Minst 1 dos,,,
26,2021,Kalmar,101855,0.496174,Färdigvaccinerade,,,
26,2021,Gotland,33694,0.662446,Minst 1 dos,,,
26,2021,Gotland,21785,0.428307,Färdigvaccinerade,,,
26,2021,Blekinge,90155,0.680605,Minst 1 dos,,,
26,2021,Blekinge,58089,0.438530,Färdigvaccinerade,,,
26,2021,Skåne,675812,0.594589,Minst 1 dos,,,
26,2021,Skåne,443118,0.389862,Färdigvaccinerade,,,
26,2021,Halland,186419,0.675823,Minst 1 dos,,,
26,2021,Halland,116189,0.421219,Färdigvaccinerade,,,
26,2021,Västra Götaland,826460,0.578499,Minst 1 dos,,,
26,2021,Västra Götaland,546030,0.382206,Färdigvaccinerade,,,
26,2021,Värmland,172513,0.728903,Minst 1 dos,,,
26,2021,Värmland,114622,0.484301,Färdigvaccinerade,,,
26,2021,Örebro,171154,0.680070,Minst 1 dos,,,
26,2021,Örebro,109348,0.434488,Färdigvaccinerade,,,
26,2021,Västmanland,145385,0.636598,Minst 1 dos,,,
26,2021,Västmanland,104292,0.456664,Färdigvaccinerade,,,
26,2021,Dalarna,163003,0.682249,Minst 1 dos,,,
26,2021,Dalarna,109955,0.460217,Färdigvaccinerade,,,
26,2021,Gävleborg,165475,0.690020,Minst 1 dos,,,
26,2021,Gävleborg,111320,0.464197,Färdigvaccinerade,,,
26,2021,Västernorrland,135634,0.664576,Minst 1 dos,,,
26,2021,Västernorrland,94612,0.463578,Färdigvaccinerade,,,
26,2021,Jämtland,70502,0.647086,Minst 1 dos,,,
26,2021,Jämtland,49830,0.457353,Färdigvaccinerade,,,
26,2021,Västerbotten,141110,0.621233,Minst 1 dos,,,
26,2021,Västerbotten,98554,0.433881,Färdigvaccinerade,,,
26,2021,Norrbotten,134812,0.638529,Minst 1 dos,,,
26,2021,Norrbotten,95218,0.450994,Färdigvaccinerade,,,
27,2021,| Sverige |,5712157,0.668754,Minst 1 dos,,,
27,2021,| Sverige |,3661142,0.428630,Färdigvaccinerade,,,
27,2021,Stockholm,1198086,0.614004,Minst 1 dos,,,
27,2021,Stockholm,755299,0.387082,Färdigvaccinerade,,,
27,2021,Uppsala,232430,0.727729,Minst 1 dos,,,
27,2021,Uppsala,134006,0.419567,Färdigvaccinerade,,,
27,2021,Södermanland,172759,0.705248,Minst 1 dos,,,
27,2021,Södermanland,111603,0.455593,Färdigvaccinerade,,,
27,2021,Östergötland,276065,0.715235,Minst 1 dos,,,
27,2021,Östergötland,169344,0.438740,Färdigvaccinerade,,,
27,2021,Jönköping,207360,0.695473,Minst 1 dos,,,
27,2021,Jönköping,126373,0.423847,Färdigvaccinerade,,,
27,2021,Kronoberg,104740,0.633670,Minst 1 dos,,,
27,2021,Kronoberg,72555,0.438953,Färdigvaccinerade,,,
27,2021,Kalmar,149446,0.728007,Minst 1 dos,,,
27,2021,Kalmar,105510,0.513978,Färdigvaccinerade,,,
27,2021,Gotland,36909,0.725655,Minst 1 dos,,,
27,2021,Gotland,22650,0.445314,Färdigvaccinerade,,,
27,2021,Blekinge,94815,0.715785,Minst 1 dos,,,
27,2021,Blekinge,64235,0.484928,Färdigvaccinerade,,,
27,2021,Skåne,735636,0.647223,Minst 1 dos,,,
27,2021,Skåne,474561,0.417526,Färdigvaccinerade,,,
27,2021,Halland,201598,0.730851,Minst 1 dos,,,
27,2021,Halland,117741,0.426845,Färdigvaccinerade,,,
27,2021,Västra Götaland,902893,0.632000,Minst 1 dos,,,
27,2021,Västra Götaland,585360,0.409736,Färdigvaccinerade,,,
27,2021,Värmland,186725,0.788951,Minst 1 dos,,,
27,2021,Värmland,114970,0.485772,Färdigvaccinerade,,,
27,2021,Örebro,185404,0.736692,Minst 1 dos,,,
27,2021,Örebro,115442,0.458702,Färdigvaccinerade,,,
27,2021,Västmanland,158135,0.692427,Minst 1 dos,,,
27,2021,Västmanland,106816,0.467716,Färdigvaccinerade,,,
27,2021,Dalarna,172246,0.720936,Minst 1 dos,,,
27,2021,Dalarna,118126,0.494417,Färdigvaccinerade,,,
27,2021,Gävleborg,174317,0.726890,Minst 1 dos,,,
27,2021,Gävleborg,117901,0.491639,Färdigvaccinerade,,,
27,2021,Västernorrland,147529,0.722859,Minst 1 dos,,,
27,2021,Västernorrland,96617,0.473402,Färdigvaccinerade,,,
27,2021,Jämtland,76924,0.706029,Minst 1 dos,,,
27,2021,Jämtland,51094,0.468955,Färdigvaccinerade,,,
27,2021,Västerbotten,152429,0.671065,Minst 1 dos,,,
27,2021,Västerbotten,104343,0.459367,Färdigvaccinerade,,,
27,2021,Norrbotten,145711,0.690152,Minst 1 dos,,,
27,2021,Norrbotten,96596,0.457521,Färdigvaccinerade,,,
28,2021,| Sverige |,6060360,0.709520,Minst 1 dos,,,
28,2021,| Sverige |,3819892,0.447216,Färdigvaccinerade,,,
28,2021,Stockholm,1284051,0.658060,Minst 1 dos,,,
28,2021,Stockholm,793621,0.406721,Färdigvaccinerade,,,
28,2021,Uppsala,242842,0.760328,Minst 1 dos,,,
28,2021,Uppsala,153287,0.479935,Färdigvaccinerade,,,
28,2021,Södermanland,180150,0.735420,Minst 1 dos,,,
28,2021,Södermanland,117675,0.480381,Färdigvaccinerade,,,
28,2021,Östergötland,291252,0.754582,Minst 1 dos,,,
28,2021,Östergötland,177027,0.458645,Färdigvaccinerade,,,
28,2021,Jönköping,211923,0.710777,Minst 1 dos,,,
28,2021,Jönköping,135470,0.454358,Färdigvaccinerade,,,
28,2021,Kronoberg,112886,0.682953,Minst 1 dos,,,
28,2021,Kronoberg,73187,0.442777,Färdigvaccinerade,,,
28,2021,Kalmar,158190,0.770602,Minst 1 dos,,,
28,2021,Kalmar,105942,0.516083,Färdigvaccinerade,,,
28,2021,Gotland,38232,0.751666,Minst 1 dos,,,
28,2021,Gotland,24259,0.476948,Färdigvaccinerade,,,
28,2021,Blekinge,98909,0.746692,Minst 1 dos,,,
28,2021,Blekinge,65303,0.492990,Färdigvaccinerade,,,
28,2021,Skåne,785002,0.690656,Minst 1 dos,,,
28,2021,Skåne,497641,0.437832,Färdigvaccinerade,,,
28,2021,Halland,209237,0.758545,Minst 1 dos,,,
28,2021,Halland,123933,0.449293,Färdigvaccinerade,,,
28,2021,Västra Götaland,970590,0.679386,Minst 1 dos,,,
28,2021,Västra Götaland,601935,0.421338,Färdigvaccinerade,,,
28,2021,Värmland,194004,0.819706,Minst 1 dos,,,
28,2021,Värmland,119072,0.503103,Färdigvaccinerade,,,
28,2021,Örebro,191565,0.761172,Minst 1 dos,,,
28,2021,Örebro,122564,0.487001,Färdigvaccinerade,,,
28,2021,Västmanland,167984,0.735552,Minst 1 dos,,,
28,2021,Västmanland,109252,0.478382,Färdigvaccinerade,,,
28,2021,Dalarna,180056,0.753625,Minst 1 dos,,,
28,2021,Dalarna,123537,0.517064,Färdigvaccinerade,,,
28,2021,Gävleborg,181523,0.756939,Minst 1 dos,,,
28,2021,Gävleborg,123014,0.512960,Färdigvaccinerade,,,
28,2021,Västernorrland,158184,0.775066,Minst 1 dos,,,
28,2021,Västernorrland,97082,0.475680,Färdigvaccinerade,,,
28,2021,Jämtland,80569,0.739484,Minst 1 dos,,,
28,2021,Jämtland,52752,0.484172,Färdigvaccinerade,,,
28,2021,Västerbotten,165609,0.729089,Minst 1 dos,,,
28,2021,Västerbotten,105880,0.466134,Färdigvaccinerade,,,
28,2021,Norrbotten,157602,0.746473,Minst 1 dos,,,
28,2021,Norrbotten,97459,0.461609,Färdigvaccinerade,,,
29,2021,| Sverige |,6298286,0.737375,Minst 1 dos,,,
29,2021,| Sverige |,4024537,0.471175,Färdigvaccinerade,,,
29,2021,Stockholm,1355346,0.694598,Minst 1 dos,,,
29,2021,Stockholm,841793,0.431409,Färdigvaccinerade,,,
29,2021,Uppsala,253440,0.793510,Minst 1 dos,,,
29,2021,Uppsala,164230,0.514197,Färdigvaccinerade,,,
29,2021,Södermanland,185821,0.758571,Minst 1 dos,,,
29,2021,Södermanland,125658,0.512969,Färdigvaccinerade,,,
29,2021,Östergötland,301189,0.780327,Minst 1 dos,,,
29,2021,Östergötland,185525,0.480662,Färdigvaccinerade,,,
29,2021,Jönköping,218211,0.731866,Minst 1 dos,,,
29,2021,Jönköping,143046,0.479767,Färdigvaccinerade,,,
29,2021,Kronoberg,118449,0.716609,Minst 1 dos,,,
29,2021,Kronoberg,74594,0.451289,Färdigvaccinerade,,,
29,2021,Kalmar,161139,0.784968,Minst 1 dos,,,
29,2021,Kalmar,109789,0.534823,Färdigvaccinerade,,,
29,2021,Gotland,38927,0.765330,Minst 1 dos,,,
29,2021,Gotland,26319,0.517449,Färdigvaccinerade,,,
29,2021,Blekinge,102409,0.773114,Minst 1 dos,,,
29,2021,Blekinge,69816,0.527060,Färdigvaccinerade,,,
29,2021,Skåne,811295,0.713789,Minst 1 dos,,,
29,2021,Skåne,530744,0.466956,Färdigvaccinerade,,,
29,2021,Halland,215348,0.780699,Minst 1 dos,,,
29,2021,Halland,131714,0.477501,Färdigvaccinerade,,,
29,2021,Västra Götaland,1014281,0.709969,Minst 1 dos,,,
29,2021,Västra Götaland,624228,0.436942,Färdigvaccinerade,,,
29,2021,Värmland,196877,0.831845,Minst 1 dos,,,
29,2021,Värmland,125281,0.529338,Färdigvaccinerade,,,
29,2021,Örebro,194665,0.773490,Minst 1 dos,,,
29,2021,Örebro,135766,0.539458,Färdigvaccinerade,,,
29,2021,Västmanland,171964,0.752980,Minst 1 dos,,,
29,2021,Västmanland,114670,0.502106,Färdigvaccinerade,,,
29,2021,Dalarna,186063,0.778767,Minst 1 dos,,,
29,2021,Dalarna,124399,0.520672,Färdigvaccinerade,,,
29,2021,Gävleborg,184933,0.771158,Minst 1 dos,,,
29,2021,Gävleborg,131797,0.549585,Färdigvaccinerade,,,
29,2021,Västernorrland,162612,0.796762,Minst 1 dos,,,
29,2021,Västernorrland,100020,0.490076,Färdigvaccinerade,,,
29,2021,Jämtland,83127,0.762962,Minst 1 dos,,,
29,2021,Jämtland,55638,0.510661,Färdigvaccinerade,,,
29,2021,Västerbotten,174706,0.769139,Minst 1 dos,,,
29,2021,Västerbotten,110863,0.488071,Färdigvaccinerade,,,
29,2021,Norrbotten,167484,0.793278,Minst 1 dos,,,
29,2021,Norrbotten,98647,0.467236,Färdigvaccinerade,,,
30,2021,| Sverige |,6438840,0.753830,Minst 1 dos,,,
30,2021,| Sverige |,4282213,0.501342,Färdigvaccinerade,,,
30,2021,Stockholm,1396746,0.715815,Minst 1 dos,,,
30,2021,Stockholm,912954,0.467878,Färdigvaccinerade,,,
30,2021,Uppsala,258992,0.810893,Minst 1 dos,,,
30,2021,Uppsala,177182,0.554750,Färdigvaccinerade,,,
30,2021,Södermanland,188614,0.769972,Minst 1 dos,,,
30,2021,Södermanland,132761,0.541966,Färdigvaccinerade,,,
30,2021,Östergötland,306118,0.793097,Minst 1 dos,,,
30,2021,Östergötland,196191,0.508296,Färdigvaccinerade,,,
30,2021,Jönköping,222653,0.746764,Minst 1 dos,,,
30,2021,Jönköping,144018,0.483027,Färdigvaccinerade,,,
30,2021,Kronoberg,122080,0.738576,Minst 1 dos,,,
30,2021,Kronoberg,79351,0.480068,Färdigvaccinerade,,,
30,2021,Kalmar,164218,0.799967,Minst 1 dos,,,
30,2021,Kalmar,113279,0.551824,Färdigvaccinerade,,,
30,2021,Gotland,41271,0.811415,Minst 1 dos,,,
30,2021,Gotland,26489,0.520791,Färdigvaccinerade,,,
30,2021,Blekinge,104387,0.788046,Minst 1 dos,,,
30,2021,Blekinge,74449,0.562036,Färdigvaccinerade,,,
30,2021,Skåne,827572,0.728110,Minst 1 dos,,,
30,2021,Skåne,568133,0.499852,Färdigvaccinerade,,,
30,2021,Halland,218604,0.792503,Minst 1 dos,,,
30,2021,Halland,140386,0.508940,Färdigvaccinerade,,,
30,2021,Västra Götaland,1040143,0.728071,Minst 1 dos,,,
30,2021,Västra Götaland,657956,0.460551,Färdigvaccinerade,,,
30,2021,Värmland,198257,0.837676,Minst 1 dos,,,
30,2021,Värmland,134377,0.567770,Färdigvaccinerade,,,
30,2021,Örebro,196844,0.782148,Minst 1 dos,,,
30,2021,Örebro,147348,0.585479,Färdigvaccinerade,,,
30,2021,Västmanland,174608,0.764557,Minst 1 dos,,,
30,2021,Västmanland,120179,0.526228,Färdigvaccinerade,,,
30,2021,Dalarna,189415,0.792797,Minst 1 dos,,,
30,2021,Dalarna,131210,0.549180,Färdigvaccinerade,,,
30,2021,Gävleborg,187048,0.779978,Minst 1 dos,,,
30,2021,Gävleborg,139793,0.582927,Färdigvaccinerade,,,
30,2021,Västernorrland,164566,0.806336,Minst 1 dos,,,
30,2021,Västernorrland,107184,0.525177,Färdigvaccinerade,,,
30,2021,Jämtland,83872,0.769800,Minst 1 dos,,,
30,2021,Jämtland,58437,0.536351,Färdigvaccinerade,,,
30,2021,Västerbotten,181332,0.798309,Minst 1 dos,,,
30,2021,Västerbotten,116039,0.510859,Färdigvaccinerade,,,
30,2021,Norrbotten,171500,0.812300,Minst 1 dos,,,
30,2021,Norrbotten,104497,0.494944,Färdigvaccinerade,,,
31,2021,| Sverige |,6550384,0.766889,Minst 1 dos,,,
31,2021,| Sverige |,4573854,0.535486,Färdigvaccinerade,,,
31,2021,Stockholm,1422100,0.728809,Minst 1 dos,,,
31,2021,Stockholm,994088,0.509458,Färdigvaccinerade,,,
31,2021,Uppsala,264879,0.829325,Minst 1 dos,,,
31,2021,Uppsala,188306,0.589578,Färdigvaccinerade,,,
31,2021,Södermanland,191252,0.780742,Minst 1 dos,,,
31,2021,Södermanland,142195,0.580478,Färdigvaccinerade,,,
31,2021,Östergötland,309587,0.802085,Minst 1 dos,,,
31,2021,Östergötland,210228,0.544663,Färdigvaccinerade,,,
31,2021,Jönköping,225262,0.755515,Minst 1 dos,,,
31,2021,Jönköping,152725,0.512230,Färdigvaccinerade,,,
31,2021,Kronoberg,124340,0.752249,Minst 1 dos,,,
31,2021,Kronoberg,84791,0.512980,Färdigvaccinerade,,,
31,2021,Kalmar,166535,0.811254,Minst 1 dos,,,
31,2021,Kalmar,118266,0.576118,Färdigvaccinerade,,,
31,2021,Gotland,42013,0.826003,Minst 1 dos,,,
31,2021,Gotland,27578,0.542202,Färdigvaccinerade,,,
31,2021,Blekinge,105568,0.796962,Minst 1 dos,,,
31,2021,Blekinge,78267,0.590859,Färdigvaccinerade,,,
31,2021,Skåne,845982,0.744307,Minst 1 dos,,,
31,2021,Skåne,604488,0.531837,Färdigvaccinerade,,,
31,2021,Halland,220273,0.798554,Minst 1 dos,,,
31,2021,Halland,155136,0.562413,Färdigvaccinerade,,,
31,2021,Västra Götaland,1058312,0.740789,Minst 1 dos,,,
31,2021,Västra Götaland,694420,0.486075,Färdigvaccinerade,,,
31,2021,Värmland,199095,0.841217,Minst 1 dos,,,
31,2021,Värmland,146595,0.619394,Färdigvaccinerade,,,
31,2021,Örebro,200575,0.796973,Minst 1 dos,,,
31,2021,Örebro,156868,0.623306,Färdigvaccinerade,,,
31,2021,Västmanland,178097,0.779834,Minst 1 dos,,,
31,2021,Västmanland,127390,0.557803,Färdigvaccinerade,,,
31,2021,Dalarna,193778,0.811058,Minst 1 dos,,,
31,2021,Dalarna,138399,0.579269,Färdigvaccinerade,,,
31,2021,Gävleborg,190152,0.792921,Minst 1 dos,,,
31,2021,Gävleborg,147481,0.614986,Färdigvaccinerade,,,
31,2021,Västernorrland,167889,0.822618,Minst 1 dos,,,
31,2021,Västernorrland,111275,0.545222,Färdigvaccinerade,,,
31,2021,Jämtland,85925,0.788643,Minst 1 dos,,,
31,2021,Jämtland,60359,0.553991,Färdigvaccinerade,,,
31,2021,Västerbotten,185140,0.815074,Minst 1 dos,,,
31,2021,Västerbotten,122653,0.539977,Färdigvaccinerade,,,
31,2021,Norrbotten,173630,0.822388,Minst 1 dos,,,
31,2021,Norrbotten,112346,0.532120,Färdigvaccinerade,,,
32,2021,| Sverige |,6686060,0.782774,Minst 1 dos,,,
32,2021,| Sverige |,4908734,0.574692,Färdigvaccinerade,,,
32,2021,Stockholm,1459509,0.747981,Minst 1 dos,,,
32,2021,Stockholm,1073362,0.550085,Färdigvaccinerade,,,
32,2021,Uppsala,270317,0.846351,Minst 1 dos,,,
32,2021,Uppsala,199281,0.623941,Färdigvaccinerade,,,
32,2021,Södermanland,195007,0.796070,Minst 1 dos,,,
32,2021,Södermanland,154318,0.629967,Färdigvaccinerade,,,
32,2021,Östergötland,317749,0.823231,Minst 1 dos,,,
32,2021,Östergötland,221863,0.574807,Färdigvaccinerade,,,
32,2021,Jönköping,230010,0.771439,Minst 1 dos,,,
32,2021,Jönköping,170681,0.572453,Färdigvaccinerade,,,
32,2021,Kronoberg,127726,0.772734,Minst 1 dos,,,
32,2021,Kronoberg,89569,0.541887,Färdigvaccinerade,,,
32,2021,Kalmar,168779,0.822185,Minst 1 dos,,,
32,2021,Kalmar,127376,0.620496,Färdigvaccinerade,,,
32,2021,Gotland,42938,0.844189,Minst 1 dos,,,
32,2021,Gotland,29830,0.586477,Färdigvaccinerade,,,
32,2021,Blekinge,107686,0.812952,Minst 1 dos,,,
32,2021,Blekinge,83162,0.627813,Färdigvaccinerade,,,
32,2021,Skåne,861243,0.757734,Minst 1 dos,,,
32,2021,Skåne,656593,0.577680,Färdigvaccinerade,,,
32,2021,Halland,225105,0.816071,Minst 1 dos,,,
32,2021,Halland,166674,0.604242,Färdigvaccinerade,,,
32,2021,Västra Götaland,1079195,0.755407,Minst 1 dos,,,
32,2021,Västra Götaland,737885,0.516499,Färdigvaccinerade,,,
32,2021,Värmland,202286,0.854699,Minst 1 dos,,,
32,2021,Värmland,159385,0.673434,Färdigvaccinerade,,,
32,2021,Örebro,203506,0.808619,Minst 1 dos,,,
32,2021,Örebro,167272,0.664646,Färdigvaccinerade,,,
32,2021,Västmanland,180914,0.792169,Minst 1 dos,,,
32,2021,Västmanland,134770,0.590118,Färdigvaccinerade,,,
32,2021,Dalarna,195372,0.817730,Minst 1 dos,,,
32,2021,Dalarna,147589,0.617734,Färdigvaccinerade,,,
32,2021,Gävleborg,194021,0.809055,Minst 1 dos,,,
32,2021,Gävleborg,155617,0.648912,Färdigvaccinerade,,,
32,2021,Västernorrland,170650,0.836147,Minst 1 dos,,,
32,2021,Västernorrland,117832,0.577350,Färdigvaccinerade,,,
32,2021,Jämtland,88119,0.808780,Minst 1 dos,,,
32,2021,Jämtland,64510,0.592090,Färdigvaccinerade,,,
32,2021,Västerbotten,189293,0.833358,Minst 1 dos,,,
32,2021,Västerbotten,129694,0.570974,Färdigvaccinerade,,,
32,2021,Norrbotten,176635,0.836621,Minst 1 dos,,,
32,2021,Norrbotten,121471,0.575340,Färdigvaccinerade,,,
33,2021,| Sverige |,6796978,0.795760,Minst 1 dos,,,
33,2021,| Sverige |,5319399,0.622771,Färdigvaccinerade,,,
33,2021,Stockholm,1491312,0.764279,Minst 1 dos,,,
33,2021,Stockholm,1155954,0.592412,Färdigvaccinerade,,,
33,2021,Uppsala,272739,0.853935,Minst 1 dos,,,
33,2021,Uppsala,214373,0.671193,Färdigvaccinerade,,,
33,2021,Södermanland,198625,0.810840,Minst 1 dos,,,
33,2021,Södermanland,165677,0.676338,Färdigvaccinerade,,,
33,2021,Östergötland,320426,0.830166,Minst 1 dos,,,
33,2021,Östergötland,247146,0.640311,Färdigvaccinerade,,,
33,2021,Jönköping,233443,0.782953,Minst 1 dos,,,
33,2021,Jönköping,188691,0.632858,Färdigvaccinerade,,,
33,2021,Kronoberg,129828,0.785451,Minst 1 dos,,,
33,2021,Kronoberg,95035,0.574956,Färdigvaccinerade,,,
33,2021,Kalmar,169973,0.828002,Minst 1 dos,,,
33,2021,Kalmar,139520,0.679654,Färdigvaccinerade,,,
33,2021,Gotland,43693,0.859033,Minst 1 dos,,,
33,2021,Gotland,33073,0.650237,Färdigvaccinerade,,,
33,2021,Blekinge,109344,0.825468,Minst 1 dos,,,
33,2021,Blekinge,88502,0.668126,Färdigvaccinerade,,,
33,2021,Skåne,872570,0.767700,Minst 1 dos,,,
33,2021,Skåne,712299,0.626691,Färdigvaccinerade,,,
33,2021,Halland,228390,0.827980,Minst 1 dos,,,
33,2021,Halland,183057,0.663635,Färdigvaccinerade,,,
33,2021,Västra Götaland,1102040,0.771397,Minst 1 dos,,,
33,2021,Västra Götaland,801398,0.560956,Färdigvaccinerade,,,
33,2021,Värmland,205950,0.870181,Minst 1 dos,,,
33,2021,Värmland,172202,0.727588,Färdigvaccinerade,,,
33,2021,Örebro,206111,0.818970,Minst 1 dos,,,
33,2021,Örebro,179307,0.712466,Färdigvaccinerade,,,
33,2021,Västmanland,183320,0.802704,Minst 1 dos,,,
33,2021,Västmanland,144234,0.631558,Färdigvaccinerade,,,
33,2021,Dalarna,196771,0.823585,Minst 1 dos,,,
33,2021,Dalarna,160978,0.673774,Färdigvaccinerade,,,
33,2021,Gävleborg,196411,0.819021,Minst 1 dos,,,
33,2021,Gävleborg,164699,0.686784,Färdigvaccinerade,,,
33,2021,Västernorrland,172630,0.845848,Minst 1 dos,,,
33,2021,Västernorrland,133005,0.651695,Färdigvaccinerade,,,
33,2021,Jämtland,89841,0.824585,Minst 1 dos,,,
33,2021,Jämtland,69887,0.641442,Färdigvaccinerade,,,
33,2021,Västerbotten,194012,0.854133,Minst 1 dos,,,
33,2021,Västerbotten,138424,0.609408,Färdigvaccinerade,,,
33,2021,Norrbotten,179549,0.850423,Minst 1 dos,,,
33,2021,Norrbotten,131938,0.624917,Färdigvaccinerade,,,
34,2021,| Sverige |,6887163,0.806318,Minst 1 dos,,,
34,2021,| Sverige |,5703990,0.667797,Färdigvaccinerade,,,
34,2021,Stockholm,1511878,0.774819,Minst 1 dos,,,
34,2021,Stockholm,1236648,0.633767,Färdigvaccinerade,,,
34,2021,Uppsala,275334,0.862059,Minst 1 dos,,,
34,2021,Uppsala,229008,0.717015,Färdigvaccinerade,,,
34,2021,Södermanland,201079,0.820858,Minst 1 dos,,,
34,2021,Södermanland,174593,0.712735,Färdigvaccinerade,,,
34,2021,Östergötland,324099,0.839683,Minst 1 dos,,,
34,2021,Östergötland,266800,0.691231,Färdigvaccinerade,,,
34,2021,Jönköping,238154,0.798754,Minst 1 dos,,,
34,2021,Jönköping,200898,0.673799,Färdigvaccinerade,,,
34,2021,Kronoberg,131027,0.792705,Minst 1 dos,,,
34,2021,Kronoberg,103287,0.624880,Färdigvaccinerade,,,
34,2021,Kalmar,170704,0.831563,Minst 1 dos,,,
34,2021,Kalmar,147057,0.716369,Färdigvaccinerade,,,
34,2021,Gotland,44294,0.870849,Minst 1 dos,,,
34,2021,Gotland,36182,0.711362,Färdigvaccinerade,,,
34,2021,Blekinge,110450,0.833818,Minst 1 dos,,,
34,2021,Blekinge,92976,0.701902,Färdigvaccinerade,,,
34,2021,Skåne,883146,0.777005,Minst 1 dos,,,
34,2021,Skåne,762277,0.670662,Färdigvaccinerade,,,
34,2021,Halland,231085,0.837750,Minst 1 dos,,,
34,2021,Halland,198363,0.719123,Färdigvaccinerade,,,
34,2021,Västra Götaland,1124356,0.787018,Minst 1 dos,,,
34,2021,Västra Götaland,872017,0.610388,Färdigvaccinerade,,,
34,2021,Värmland,207259,0.875711,Minst 1 dos,,,
34,2021,Värmland,184328,0.778823,Färdigvaccinerade,,,
34,2021,Örebro,208015,0.826535,Minst 1 dos,,,
34,2021,Örebro,188504,0.749010,Färdigvaccinerade,,,
34,2021,Västmanland,185274,0.811260,Minst 1 dos,,,
34,2021,Västmanland,154935,0.678415,Färdigvaccinerade,,,
34,2021,Dalarna,198799,0.832073,Minst 1 dos,,,
34,2021,Dalarna,171375,0.717290,Färdigvaccinerade,,,
34,2021,Gävleborg,198132,0.826197,Minst 1 dos,,,
34,2021,Gävleborg,173337,0.722804,Färdigvaccinerade,,,
34,2021,Västernorrland,174321,0.854134,Minst 1 dos,,,
34,2021,Västernorrland,144579,0.708405,Färdigvaccinerade,,,
34,2021,Jämtland,90798,0.833369,Minst 1 dos,,,
34,2021,Jämtland,75639,0.694235,Färdigvaccinerade,,,
34,2021,Västerbotten,197154,0.867965,Minst 1 dos,,,
34,2021,Västerbotten,149266,0.657140,Färdigvaccinerade,,,
34,2021,Norrbotten,181805,0.861109,Minst 1 dos,,,
34,2021,Norrbotten,141921,0.672200,Färdigvaccinerade,,,
35,2021,| Sverige |,6964328,0.815352,Minst 1 dos,,,
35,2021,| Sverige |,5999128,0.702351,Färdigvaccinerade,,,
35,2021,Stockholm,1528332,0.783251,Minst 1 dos,,,
35,2021,Stockholm,1293384,0.662844,Färdigvaccinerade,,,
35,2021,Uppsala,278056,0.870582,Minst 1 dos,,,
35,2021,Uppsala,240609,0.753337,Färdigvaccinerade,,,
35,2021,Södermanland,203315,0.829986,Minst 1 dos,,,
35,2021,Södermanland,180273,0.735922,Färdigvaccinerade,,,
35,2021,Östergötland,326166,0.845038,Minst 1 dos,,,
35,2021,Östergötland,282897,0.732936,Färdigvaccinerade,,,
35,2021,Jönköping,243091,0.815312,Minst 1 dos,,,
35,2021,Jönköping,205932,0.690683,Färdigvaccinerade,,,
35,2021,Kronoberg,132268,0.800213,Minst 1 dos,,,
35,2021,Kronoberg,111098,0.672136,Färdigvaccinerade,,,
35,2021,Kalmar,172404,0.839844,Minst 1 dos,,,
35,2021,Kalmar,155823,0.759072,Färdigvaccinerade,,,
35,2021,Gotland,44753,0.879873,Minst 1 dos,,,
35,2021,Gotland,37503,0.737334,Färdigvaccinerade,,,
35,2021,Blekinge,111543,0.842069,Minst 1 dos,,,
35,2021,Blekinge,96729,0.730234,Färdigvaccinerade,,,
35,2021,Skåne,892273,0.785035,Minst 1 dos,,,
35,2021,Skåne,791298,0.696196,Färdigvaccinerade,,,
35,2021,Halland,232527,0.842978,Minst 1 dos,,,
35,2021,Halland,206156,0.747375,Färdigvaccinerade,,,
35,2021,Västra Götaland,1142591,0.799782,Minst 1 dos,,,
35,2021,Västra Götaland,940002,0.657975,Färdigvaccinerade,,,
35,2021,Värmland,208884,0.882577,Minst 1 dos,,,
35,2021,Värmland,191914,0.810876,Färdigvaccinerade,,,
35,2021,Örebro,210209,0.835253,Minst 1 dos,,,
35,2021,Örebro,194487,0.772783,Färdigvaccinerade,,,
35,2021,Västmanland,186728,0.817627,Minst 1 dos,,,
35,2021,Västmanland,163830,0.717363,Färdigvaccinerade,,,
35,2021,Dalarna,200685,0.839967,Minst 1 dos,,,
35,2021,Dalarna,180367,0.754926,Färdigvaccinerade,,,
35,2021,Gävleborg,199608,0.832352,Minst 1 dos,,,
35,2021,Gävleborg,178597,0.744738,Färdigvaccinerade,,,
35,2021,Västernorrland,176357,0.864110,Minst 1 dos,,,
35,2021,Västernorrland,154815,0.758559,Färdigvaccinerade,,,
35,2021,Jämtland,91895,0.843437,Minst 1 dos,,,
35,2021,Jämtland,79132,0.726295,Färdigvaccinerade,,,
35,2021,Västerbotten,199261,0.877241,Minst 1 dos,,,
35,2021,Västerbotten,161380,0.710471,Färdigvaccinerade,,,
35,2021,Norrbotten,183382,0.868578,Minst 1 dos,,,
35,2021,Norrbotten,152902,0.724211,Färdigvaccinerade,,,
36,2021,| Sverige |,7030921,0.823149,Minst 1 dos,,,
36,2021,| Sverige |,6215861,0.727725,Färdigvaccinerade,,,
36,2021,Stockholm,1543520,0.791035,Minst 1 dos,,,
36,2021,Stockholm,1336677,0.685031,Färdigvaccinerade,,,
36,2021,Uppsala,279528,0.875191,Minst 1 dos,,,
36,2021,Uppsala,246759,0.772592,Färdigvaccinerade,,,
36,2021,Södermanland,204948,0.836652,Minst 1 dos,,,
36,2021,Södermanland,184729,0.754113,Färdigvaccinerade,,,
36,2021,Östergötland,328631,0.851424,Minst 1 dos,,,
36,2021,Östergötland,296340,0.767764,Färdigvaccinerade,,,
36,2021,Jönköping,246193,0.825716,Minst 1 dos,,,
36,2021,Jönköping,212345,0.712192,Färdigvaccinerade,,,
36,2021,Kronoberg,133833,0.809681,Minst 1 dos,,,
36,2021,Kronoberg,116951,0.707546,Färdigvaccinerade,,,
36,2021,Kalmar,173673,0.846026,Minst 1 dos,,,
36,2021,Kalmar,160194,0.780364,Färdigvaccinerade,,,
36,2021,Gotland,45159,0.887856,Minst 1 dos,,,
36,2021,Gotland,38268,0.752374,Färdigvaccinerade,,,
36,2021,Blekinge,112166,0.846772,Minst 1 dos,,,
36,2021,Blekinge,101518,0.766388,Färdigvaccinerade,,,
36,2021,Skåne,900875,0.792603,Minst 1 dos,,,
36,2021,Skåne,812753,0.715072,Färdigvaccinerade,,,
36,2021,Halland,233983,0.848256,Minst 1 dos,,,
36,2021,Halland,216191,0.783755,Färdigvaccinerade,,,
36,2021,Västra Götaland,1158713,0.811067,Minst 1 dos,,,
36,2021,Västra Götaland,981750,0.687198,Färdigvaccinerade,,,
36,2021,Värmland,209788,0.886397,Minst 1 dos,,,
36,2021,Värmland,196204,0.829002,Färdigvaccinerade,,,
36,2021,Örebro,211956,0.842195,Minst 1 dos,,,
36,2021,Örebro,198768,0.789793,Färdigvaccinerade,,,
36,2021,Västmanland,188159,0.823893,Minst 1 dos,,,
36,2021,Västmanland,170134,0.744967,Färdigvaccinerade,,,
36,2021,Dalarna,202813,0.848874,Minst 1 dos,,,
36,2021,Dalarna,186743,0.781613,Färdigvaccinerade,,,
36,2021,Gävleborg,201072,0.838457,Minst 1 dos,,,
36,2021,Gävleborg,182418,0.760671,Färdigvaccinerade,,,
36,2021,Västernorrland,177082,0.867662,Minst 1 dos,,,
36,2021,Västernorrland,161643,0.792014,Färdigvaccinerade,,,
36,2021,Jämtland,92743,0.851220,Minst 1 dos,,,
36,2021,Jämtland,82486,0.757079,Färdigvaccinerade,,,
36,2021,Västerbotten,201543,0.887288,Minst 1 dos,,,
36,2021,Västerbotten,170028,0.748544,Färdigvaccinerade,,,
36,2021,Norrbotten,184543,0.874077,Minst 1 dos,,,
36,2021,Norrbotten,162962,0.771860,Färdigvaccinerade,,,
37,2021,| Sverige |,7086029,0.829600,Minst 1 dos,,,
37,2021,| Sverige |,6392039,0.748351,Färdigvaccinerade,,,
37,2021,Stockholm,1555739,0.797297,Minst 1 dos,,,
37,2021,Stockholm,1371310,0.702780,Färdigvaccinerade,,,
37,2021,Uppsala,280841,0.879302,Minst 1 dos,,,
37,2021,Uppsala,254965,0.798285,Färdigvaccinerade,,,
37,2021,Södermanland,206222,0.841853,Minst 1 dos,,,
37,2021,Södermanland,190222,0.776537,Färdigvaccinerade,,,
37,2021,Östergötland,330898,0.857298,Minst 1 dos,,,
37,2021,Östergötland,308015,0.798012,Färdigvaccinerade,,,
37,2021,Jönköping,248612,0.833829,Minst 1 dos,,,
37,2021,Jönköping,217421,0.729216,Färdigvaccinerade,,,
37,2021,Kronoberg,134906,0.816173,Minst 1 dos,,,
37,2021,Kronoberg,122619,0.741837,Färdigvaccinerade,,,
37,2021,Kalmar,174883,0.851920,Minst 1 dos,,,
37,2021,Kalmar,165753,0.807444,Färdigvaccinerade,,,
37,2021,Gotland,45655,0.897607,Minst 1 dos,,,
37,2021,Gotland,41208,0.810176,Färdigvaccinerade,,,
37,2021,Blekinge,112965,0.852804,Minst 1 dos,,,
37,2021,Blekinge,105617,0.797332,Färdigvaccinerade,,,
37,2021,Skåne,907931,0.798811,Minst 1 dos,,,
37,2021,Skåne,829679,0.729964,Färdigvaccinerade,,,
37,2021,Halland,235583,0.854057,Minst 1 dos,,,
37,2021,Halland,223021,0.808516,Färdigvaccinerade,,,
37,2021,Västra Götaland,1171434,0.819971,Minst 1 dos,,,
37,2021,Västra Götaland,1011869,0.708280,Färdigvaccinerade,,,
37,2021,Värmland,210584,0.889760,Minst 1 dos,,,
37,2021,Värmland,200887,0.848788,Färdigvaccinerade,,,
37,2021,Örebro,213279,0.847452,Minst 1 dos,,,
37,2021,Örebro,201337,0.800001,Färdigvaccinerade,,,
37,2021,Västmanland,189402,0.829336,Minst 1 dos,,,
37,2021,Västmanland,174199,0.762766,Färdigvaccinerade,,,
37,2021,Dalarna,204336,0.855249,Minst 1 dos,,,
37,2021,Dalarna,189248,0.792098,Färdigvaccinerade,,,
37,2021,Gävleborg,202423,0.844090,Minst 1 dos,,,
37,2021,Gävleborg,186148,0.776225,Färdigvaccinerade,,,
37,2021,Västernorrland,177955,0.871939,Minst 1 dos,,,
37,2021,Västernorrland,165792,0.812344,Färdigvaccinerade,,,
37,2021,Jämtland,93582,0.858921,Minst 1 dos,,,
37,2021,Jämtland,85861,0.788055,Färdigvaccinerade,,,
37,2021,Västerbotten,202976,0.893597,Minst 1 dos,,,
37,2021,Västerbotten,177069,0.779542,Färdigvaccinerade,,,
37,2021,Norrbotten,185823,0.880140,Minst 1 dos,,,
37,2021,Norrbotten,169799,0.804243,Färdigvaccinerade,,,
